D001Q01	苏东坡在中国历史上，是哪一个朝代的人？	['北宋']	基础题	Date-Duration	Single-Span-Extraction
D001Q02	苏东坡是中国哪个省份的人？	['四川省']	基础题	Location	Single-Span-Extraction
D001Q03	苏东坡的爸爸叫什么名字?	['苏洵']	基础题	Person	Single-Span-Extraction
D001Q04	苏文忠公指的是谁?	['苏轼']	进阶题	Person	Single-Span-Extraction
D001Q05	《苏文忠公全集》是由何人编纂？	['王宗稷']	基础题	Person	Single-Span-Extraction
D001Q06	韩愈在中国历史上，是哪一个朝代的人？	['唐代']	进阶题	Date-Duration	Single-Span-Extraction
D001Q07	苏东坡与韩愈是否为好朋友?	['否']	进阶题	YesNo	YesNo
D001Q08	苏东坡曾担任过哪些职位?	['端明殿学士、翰林学士及礼部尚书']	进阶题	Organization	Multi-Spans-Extraction
D001Q09	辛弃疾是哪一个朝代的人？	['南宋']	基础题	Date-Duration	Single-Span-Extraction
D001Q11	苏东坡为何被后人认为是文学艺术史上的通才?	['']	申论	Event	Single-Span-Extraction
D002Q01	苏东坡的老家在哪?	['蜀']	基础题	Location	Single-Span-Extraction
D002Q02	苏东坡出生于哪一年?	['1037年']	进阶题	Date-Duration	Single-Span-Extraction
D002Q03	苏东坡和谁一起进京参加会考?	['苏辙']	基础题	Person	Single-Span-Extraction
D002Q04	苏东坡在会考中所写的作文题目为何?	['刑赏忠厚之至论']	基础题	Object	Single-Span-Extraction
D002Q05	苏东坡与曾巩是否同为欧阳修的学生?	['否']	进阶题	YesNo	YesNo
D002Q06	苏东坡与王安石在职场上是否理念相同?	['否']	基础题	YesNo	YesNo
D002Q08	王安石在宋朝哪一位皇帝手下做事?	['神宗']	基础题	Person	Single-Span-Extraction
D002Q09	宋神宗是否信任苏东坡?	['否']	进阶题	YesNo	YesNo
D002Q10	在苏东坡被王安石诬陷时，谁为他说话？	['范镇']	进阶题	Person	Single-Span-Extraction
D003Q01	上官均是否赞成王安石的新政改革?	['否']	基础题	YesNo	YesNo
D003Q03	在「乌台诗案」中，有哪些人出面救了苏东坡？	['太皇太后曹氏与王安礼等人', '太皇太后曹氏与王安礼']	进阶题	Person	Multi-Spans-Extraction
D003Q04	苏东坡因「乌台诗案」被贬到什么地方？	['黄州', '湖北省黄冈市', '湖北省', '黄冈市']	基础题	Location	Single-Span-Extraction
D003Q05	宋神宗熙宁十月，黄河溃堤时，苏东坡人在哪里？	['徐州']	基础题	Location	Single-Span-Extraction
D003Q06	苏东坡被贬至黄州时，认识了哪些朋友？	['张怀民与佛印']	进阶题	Person	Multi-Spans-Extraction
D003Q07	西元1079年时徐州发生水灾的原因为何？	['黄河决口']	基础题	Event	Single-Span-Extraction
D004Q01	苏东坡在宋哲宗时期,曾出任过哪些官职?	['礼部郎中、中书舍人、翰林学士、龙图阁学士、知州与礼部尚书']	基础题	Organization	Multi-Spans-Extraction
D004Q02	苏东坡曾在哪些城市工作过?	['杭州、颍州、惠州、儋州（海南岛）', '杭州、颍州、惠州、海南岛', '杭州、颍州、惠州、儋州']	基础题	Location	Multi-Spans-Extraction
D004Q03	苏东坡工作地点离京城最远的地点在哪里?	['儋州', '海南岛', '儋州（海南岛）']	进阶题	Location	Single-Span-Extraction
D004Q04	苏东坡哪一年离开海南岛?	['元符三年', '1100年', '元符三年（1100年）']	进阶题	Date-Duration	Single-Span-Extraction
D004Q06	苏东坡在哪个城市过世?	['常州']	基础题	Location	Single-Span-Extraction
D004Q07	苏东坡死后葬在哪里?	['郏县小峨眉山', '郏县', '小峨眉山']	基础题	Location	Single-Span-Extraction
D004Q08	苏东坡对于王安石变法的态度为何?	['反对']	进阶题	Misc	Single-Span-Extraction
D004Q09	苏东坡是否为一好官?	['是']	进阶题	YesNo	YesNo
D004Q10	苏东坡是否弊案缠身？	['否']	进阶题	YesNo	YesNo
D006Q01	首次使用「阿拉伯之春」描述阿拉伯世界的革命浪潮，是哪一个媒体？	['外交政策', '《外交政策》杂志', '《外交政策》']	基础题	Organization	Single-Span-Extraction
D006Q02	「阿拉伯之春」运动中，走上街头的民众的诉求为何?	['']	申论	Object	Single-Span-Extraction
D006Q03	在「阿拉伯之春」运动中，哪一个国家成功从专制政体走向民主？	['突尼西亚']	基础题	Organization	Single-Span-Extraction
D006Q04	哪一个组织在在「阿拉伯之春」运动中借机壮大，并使国家陷入动乱？	['伊斯兰国']	基础题	Organization	Single-Span-Extraction
D007Q02	「阿拉伯之春」运动的主题是什么?	['「民主」和「经济」', '民主和经济']	基础题	Object	Multi-Spans-Extraction
D007Q03	「阿拉伯之春」运动的具体行动为何?	['公开示威游行和网络串连']	基础题	Event	Multi-Spans-Extraction
D007Q04	「阿拉伯之春」运动持续延烧到哪些国家？	['突尼西亚、埃及、利比亚、叶门、叙利亚、阿尔及利亚、苏丹、巴林、沙乌地阿拉伯、阿曼、伊拉克、茅利塔尼亚、约旦、摩洛哥、科威特以及黎巴嫩']	进阶题	Organization	Multi-Spans-Extraction
D007Q05	「阿拉伯之春」运动中发挥影响力的是哪些社群媒体？	['脸书、推特以及YouTube']	进阶题	Organization	Multi-Spans-Extraction
D008Q01	引发「阿拉伯之春」运动的自焚青年叫什么名字?	['穆罕默德·布瓦吉吉']	基础题	Person	Single-Span-Extraction
D008Q02	「阿拉伯之春」运动的的起源地在哪里?	['突尼西亚']	基础题	Location	Single-Span-Extraction
D008Q04	「阿拉伯之春」运动中，被推翻的突尼西亚总统是谁?	['班·阿里']	基础题	Person	Single-Span-Extraction
D008Q05	「阿拉伯之春」运动中，被推翻的突尼西亚总统在第一时间逃到哪个国家?	['沙乌地阿拉伯']	基础题	Organization	Single-Span-Extraction
D008Q06	「阿拉伯之春」运动中，有哪六个国家政权被推翻？	['突尼西亚、埃及、利比亚、叶门、阿尔及利亚及苏丹']	进阶题	Organization	Multi-Spans-Extraction
D008Q07	「阿拉伯之春」运动中，被推翻的埃及总统是哪一位?	['穆巴拉克']	基础题	Person	Single-Span-Extraction
D008Q08	「阿拉伯之春」运动中，被推翻的利比亚总统是哪一位?	['格达费']	基础题	Person	Single-Span-Extraction
D008Q09	「阿拉伯之春」运动中，被推翻的叶门总统是哪一位?	['萨利赫']	基础题	Person	Single-Span-Extraction
D008Q10	「阿拉伯之春」运动中，被推翻的阿尔及利亚总统是哪一位?	['布特弗利卡']	基础题	Person	Single-Span-Extraction
D008Q11	「阿拉伯之春」运动中，被推翻的苏丹总统是哪一位?	['巴希尔']	基础题	Person	Single-Span-Extraction
D009Q01	华尔街位于美国哪一个城市?	['纽约市', '纽约']	基础题	Location	Single-Span-Extraction
D009Q02	「占领华尔街」运动是由哪一个组织所发起?	['加拿大反消费主义组织广告克星', '广告克星']	基础题	Organization	Single-Span-Extraction
D009Q03	「占领华尔街」运动的诉求为何?	['']	申论	Object	Single-Span-Extraction
D009Q04	「占领华尔街」运动延烧至美国哪些城市?	['华盛顿特区、旧金山、洛杉矶、芝加哥、波士顿、波特兰、阿布奎基、坦帕、夏洛特、西雅图、丹佛和缅因州波特兰']	进阶题	Location	Multi-Spans-Extraction
D010Q01	「茉莉花革命」开始于哪一年?	['2010年末', '2010年']	基础题	Date-Duration	Single-Span-Extraction
D010Q02	「茉莉花革命」发生在哪一个国家?	['突尼西亚']	基础题	Organization	Single-Span-Extraction
D010Q03	「茉莉花」是哪一个国家的国花?	['突尼西亚']	基础题	Organization	Single-Span-Extraction
D010Q04	「茉莉花革命」又被西方媒体称为什么事件?	['西迪布吉德起义及尊严革命', '「西迪布吉德起义」（ثورة سيدي بوزيد\u200e，Sidi Bouzid Revolt） 及「尊严革命」（ثورة الكرامة\u200e，Dignity Revolution', '「西迪布吉德起义」及「尊严革命」', ' Sidi Bouzid Revolt and Dignity Revolution']	基础题	Event	Multi-Spans-Extraction
D010Q05	「茉莉花革命」充分运用了新兴媒体传递消息，所以又被称为什么革命？	['「Twitter革命」或「WikiLeaks革命」', 'Twitter革命或WikiLeaks革命']	基础题	Event	Multi-Spans-Extraction
D010Q06	「茉莉花革命」的影响了阿拉伯世界的哪些地区?	['北部非洲与中东', '北部非洲及中东地区']	基础题	Location	Multi-Spans-Extraction
D011Q01	气象学上「台风」是指热带气旋中心持续风速已达到每小时多少公里以上?	['118km/hr']	基础题	Num-Measure	Single-Span-Extraction
D011Q02	形成于北大西洋的热带气旋，又被称为什么？	['飓风']	基础题	Object	Single-Span-Extraction
D011Q03	形成于北太平洋的热带气旋，又被称为什么？	['台风']	基础题	Object	Single-Span-Extraction
D011Q04	形成于北印度洋的热带气旋，又被称为什么？	['气旋风暴']	基础题	Object	Single-Span-Extraction
D011Q05	发生于美国的热带气旋，我们叫它什么？	['飓风']	进阶题	Object	Single-Span-Extraction
D011Q06	发生于韩国的热带气旋，我们叫它什么？	['台风']	基础题	Object	Single-Span-Extraction
D011Q07	发生于日本的热带气旋，我们叫它什么？	['台风']	基础题	Object	Single-Span-Extraction
D011Q08	发生于台湾的热带气旋，我们叫它什么？	['台风']	基础题	Object	Single-Span-Extraction
D013Q01	高雄市位于台湾的东南西北部的哪一个位置?	['南部', '南']	进阶题	Location	Single-Span-Extraction
D013Q03	高雄市的面积是多少?	['2952平方公里']	基础题	Num-Measure	Single-Span-Extraction
D013Q04	高雄市行政区划占地是多少平方公里?	['2952平方公里']	基础题	Num-Measure	Single-Span-Extraction
D013Q05	高雄市的面积有多大?	['2952平方公里']	基础题	Num-Measure	Single-Span-Extraction
D013Q06	素有「港都」之称的是台湾哪个城市?	['高雄市', '高雄']	进阶题	Location	Single-Span-Extraction
D013Q07	高雄的旧称是什么?	['打狗']	基础题	Location	Single-Span-Extraction
D013Q08	高雄以前叫什么名字?	['打狗']	基础题	Location	Single-Span-Extraction
D013Q10	台湾最大港口是哪一个?	['高雄港']	进阶题	Location	Single-Span-Extraction
D013Q11	「高度自足」等级城市是由哪个单位公布的?	['GaWC']	基础题	Organization	Single-Span-Extraction
D013Q12	台湾「高度自足」等级第一名的城市是哪一个?	['台北']	进阶题	Location	Single-Span-Extraction
D014Q01	高雄市最大的河流是哪一条?	['高屏溪']	基础题	Location	Single-Span-Extraction
D014Q02	台湾水系最大的河流是哪一条?	['高屏溪']	基础题	Location	Single-Span-Extraction
D014Q04	高雄市境内有几条河川流过?	['12条']	进阶题	Num-Measure	Counting
D014Q05	高雄市境内有哪几条河川流过?	['荖浓溪、旗山溪、浊口溪、宝来溪、拉克斯溪、拉库音溪等、美浓溪、前镇河、爱河、后劲溪、阿公店溪及典宝溪']	进阶题	Location	Multi-Spans-Extraction
D014Q06	高雄市的空气品质好不好?	['不好']	进阶题	YesNo	YesNo
D014Q07	高雄市的空气品质最不好的行政区是哪里?	['左营区']	基础题	Location	Single-Span-Extraction
D014Q08	高雄市哪两个地区的空污最为严重?	['左营区及楠梓区']	进阶题	Location	Multi-Spans-Extraction
D014Q09	全台湾悬浮微粒每小时浓度超标第一名的城市是?	['高雄市', '高雄']	基础题	Location	Single-Span-Extraction
D015Q01	请列举出三项高雄的地标建物?	['高雄85大楼、梦时代购物中心的高雄之眼摩天轮及高雄巨蛋', '高雄85大楼、高雄之眼摩天轮及高雄巨蛋']	进阶题	Location	Multi-Spans-Extraction
D015Q02	高雄市被列为国定古迹的建筑物是哪些?	['凤山龙山寺、凤山县旧城、台湾炼瓦会社打狗工场、美浓竹仔门电厂、原日本海军凤山无线电信所、打狗英国领事馆官邸及旗后砲台']	进阶题	Location	Multi-Spans-Extraction
D015Q03	高雄流行文化中心在哪里?	['新堀江']	基础题	Location	Single-Span-Extraction
D015Q05	高雄的大型购物中心有多少个?	['4个']	基础题	Num-Measure	Counting
D015Q06	高雄总共有多少座古迹?	['44座']	基础题	Num-Measure	Counting
D016Q01	到高雄想泡温泉可以去哪些地区呢?	['梅山与宝来']	进阶题	Location	Multi-Spans-Extraction
D016Q02	文本中描述了台湾哪两条河川以泛舟闻名?	['荖浓溪与秀姑峦溪']	进阶题	Location	Multi-Spans-Extraction
D016Q03	以恶地景观著名的是高雄哪一个景点?	['月世界']	基础题	Location	Single-Span-Extraction
D016Q04	高雄的月世界位于哪一个行政区划?	['田寮与燕巢']	进阶题	Location	Multi-Spans-Extraction
D016Q05	高雄最大的湖泊是哪一座?	['澄清湖']	基础题	Location	Single-Span-Extraction
D031Q02	新版的北美贸易协定中文名称为何?	['美国-墨西哥-加拿大协定']	基础题	Object	Single-Span-Extraction
D031Q03	新版的北美贸易协定涉及哪三个国家?	['美国、墨西哥及加拿大']	进阶题	Organization	Multi-Spans-Extraction
D031Q04	美国原先对加拿大和墨西哥进口课征哪两种金属的关税?	['钢与铝']	进阶题	Object	Multi-Spans-Extraction
D032Q01	新版的北美贸易协定英文简称为何?	['USMCA']	进阶题	Object	Single-Span-Extraction
D032Q02	新版的北美贸易协定英文全名为何?	['United States-Mexico-Canada Agreement']	进阶题	Object	Single-Span-Extraction
D032Q03	新版的北美贸易协定中文名称为何?	['美国－墨西哥－加拿大协定']	进阶题	Object	Single-Span-Extraction
D032Q04	北美贸易协定涉及哪三个国家?	['美国、墨西哥及加拿大']	基础题	Organization	Multi-Spans-Extraction
D032Q05	第一次签订的北美贸易协定于何时签署?	['1992年8月12日']	基础题	Date-Duration	Single-Span-Extraction
D032Q06	第一次签订的北美贸易协定于何时生效?	['1994年1月1日']	基础题	Date-Duration	Single-Span-Extraction
D032Q07	第一次签订的北美贸易协定从签署至生效过了几日?	['506日', '507日']	进阶题	Date-Duration	Date-Duration
D032Q08	第二次签订的北美贸易协定于何时签署?	['2018年9月30日']	基础题	Date-Duration	Single-Span-Extraction
D032Q09	第二次签订的北美贸易协定原先预计于何时生效?	['同年11月', '2019年11月']	进阶题	Date-Duration	Date-Duration
D032Q10	第二次签订的北美贸易协定从签署至生效过了几日?	['资讯不足无法判定']	进阶题	Date-Duration	Date-Duration
D033Q01	「北美自由贸易协议2.0」的英文全名为何?	['United States-Mexico-Canada Agreement']	进阶题	Object	Single-Span-Extraction
D033Q03	「北美自由贸易协议2.0」的法文全名为何?	['Accord Canada–États-Unis–Mexique']	进阶题	Object	Single-Span-Extraction
D033Q05	「北美自由贸易协议2.0」的西班牙文全名为何?	['Tratado entre México, Estados Unidos y Canadá']	进阶题	Object	Single-Span-Extraction
D033Q06	「北美自由贸易协议2.0」的西班牙文简称为何?	['T-MEC']	进阶题	Object	Single-Span-Extraction
D033Q07	「北美自由贸易协议2.0」的中文全名为何?	['美国－墨西哥－加拿大协议']	基础题	Object	Single-Span-Extraction
D033Q08	「北美自由贸易协议2.0」的中文简称为何?	['美墨加协议']	基础题	Object	Single-Span-Extraction
D033Q09	
9. 「北美自由贸易协议2.0」是哪三个国家之间的协议?	['加拿大、墨西哥和美国']	基础题	Organization	Multi-Spans-Extraction
D033Q10	「北美自由贸易协议2.0」由哪三个国家的元首共同签署?	['加拿大、墨西哥和美国', '美国总统唐纳·川普、墨西哥总统培尼亚·涅托和加拿大总理贾斯汀·杜鲁多']	基础题	Organization	Multi-Spans-Extraction
D033Q11	「北美自由贸易协议2.0」在何时签署?	['2018年11月30日']	基础题	Date-Duration	Date-Duration
D033Q12	「北美自由贸易协议2.0」在何地签署?	['布宜诺斯艾利斯']	基础题	Location	Single-Span-Extraction
D033Q13	代表美国签署「北美自由贸易协议2.0」的人是谁?	['唐纳·川普']	基础题	Person	Single-Span-Extraction
D033Q14	代表墨西哥签署「北美自由贸易协议2.0」的人是谁?	['培尼亚·涅托']	基础题	Person	Single-Span-Extraction
D033Q15	代表加拿大签署「北美自由贸易协议2.0」的人是谁?	['贾斯汀·杜鲁多']	基础题	Person	Single-Span-Extraction
D035Q01	科技部「与AI对话」比赛何时开始报名?	['2019年9月9日', '2019/9/9']	基础题	Date-Duration	Date-Duration
D035Q02	科技部「与AI对话」比赛报名截止日期是哪一天?	['10月7日', '2019年10月7日']	基础题	Date-Duration	Single-Span-Extraction
D035Q03	科技部「与AI对话」比赛第1名最高可获得多少元的奖金?	['2000万元']	基础题	Num-Measure	Single-Span-Extraction
D035Q04	科技部「与AI对话」比赛语音辨识模组是哪一个系统?	['雅婷Yating']	基础题	Object	Single-Span-Extraction
D035Q05	科技部「与AI对话」比赛语音辨识模组是哪一个实验室的系统?	['台湾人工智慧实验室']	基础题	Organization	Single-Span-Extraction
D035Q08	科技部「与AI对话」决赛预计在何时举行?(请以西元年月作答)	['2020年4月']	进阶题	Date-Duration	Date-Duration
D035Q09	科技部「与AI对话」初赛预计在何时举行?(请以国历年月作答)	['108年12月 ']	进阶题	Date-Duration	Date-Duration
D035Q10	科技部「与AI对话」决赛预计在何时举行?(请以国历年月作答)	['108年4月']	进阶题	Date-Duration	Date-Duration
D036Q01	父亲的兄长，我们要称他为什么？	['伯父', '伯伯', '大爷', '子爷']	基础题	Kinship	Kinship
D036Q02	爸爸的哥哥，要如何称呼他？	['伯父', '伯伯', '大爷', '子爷']	基础题	Kinship	Kinship
D036Q03	父亲的弟弟，我们要称他为什么？	['叔', '叔父', '叔叔', '嗒嗒']	基础题	Kinship	Kinship
D036Q04	爸爸的弟弟，要如何称呼他？	['叔', '叔父', '叔叔', '嗒嗒']	基础题	Kinship	Kinship
D036Q05	父亲的姐姐，我们要称她为什么？	['姑', '姑母', '姑姑', '姑妈', '姑姐']	基础题	Kinship	Kinship
D036Q06	父亲的妹妹，我们要称她为什么？	['姑', '姑母', '姑姑', '姑妈', '姑姐']	基础题	Kinship	Kinship
D036Q07	母亲的兄长，我们要称他为什么？	['舅', '舅父', '舅舅']	基础题	Kinship	Kinship
D036Q08	妈妈的哥哥，要如何称呼他？	['舅', '舅父', '舅舅']	基础题	Kinship	Kinship
D036Q09	母亲的弟弟，我们要称他为什么？	['舅', '舅父', '舅舅']	基础题	Kinship	Kinship
D036Q10	妈妈的弟弟，要如何称呼他？	['舅', '舅父', '舅舅']	基础题	Kinship	Kinship
D036Q11	母亲的姐姐，我们要称她为什么？	['姨', '姨母', '姨妈', '阿姨', '姨娘', '大姨']	基础题	Kinship	Kinship
D036Q12	母亲的妹妹，我们要称她为什么？	['姨', '姨母', '姨妈', '阿姨', '姨娘', '大姨']	基础题	Kinship	Kinship
D036Q13	伯伯的妻子，要如何称呼她？	['姆', '伯母', '大娘', '子娘', '伯娘']	基础题	Kinship	Kinship
D036Q14	伯伯的配偶，要如何称呼她？	['姆', '伯母', '大娘', '子娘', '伯娘']	基础题	Kinship	Kinship
D036Q16	姑姑的先生，我们要称他为什么？	['姑丈', '姑父']	基础题	Kinship	Kinship
D036Q17	姑姑的丈夫，我们要称他为什么？	['姑丈', '姑父']	基础题	Kinship	Kinship
D036Q19	阿姨的另一半，我们要称他为什么？	['姨丈', '姨父']	基础题	Kinship	Kinship
D036Q20	阿姨的丈夫，我们要称他为什么？	['姨丈', '姨父']	基础题	Kinship	Kinship
D037Q01	爸爸的兄弟姊妹的儿子，亲属关系的称谓是什么？	['堂兄弟']	进阶题	Kinship	Kinship
D037Q02	妈妈的兄弟姊妹的儿子，亲属关系的称谓是什么？	['表兄弟']	进阶题	Kinship	Kinship
D037Q03	爸爸的兄弟姊妹的女儿，亲属关系的称谓是什么？	['堂姊妹']	进阶题	Kinship	Kinship
D037Q04	妈妈的兄弟姊妹的女儿，亲属关系的称谓是什么？	['表姊妹']	进阶题	Kinship	Kinship
D037Q06	旁系血亲有哪些？	['兄弟姊妹、叔父、伯父、舅父、姑母、姨母、侄子、侄女、外甥、外甥女']	进阶题	Kinship	Multi-Spans-Extraction
D037Q07	我叔叔的儿子是我的谁？(亲属关系)	['堂兄弟']	进阶题	Kinship	Kinship
D037Q08	我姑姑的儿子是我的谁？(亲属关系)	['表兄弟']	进阶题	Kinship	Kinship
D037Q09	我阿姨的儿子是我的谁？(亲属关系)	['表兄弟']	进阶题	Kinship	Kinship
D037Q10	我舅舅的儿子是我的谁？(亲属关系)	['表兄弟']	进阶题	Kinship	Kinship
D037Q11	我称做堂兄弟姊妹的人是谁的子女?	[' 父系血亲的长辈（伯、姆、叔、婶）', '父系血亲的长辈', '伯、姆、叔、婶']	进阶题	Kinship	Multi-Spans-Extraction
D037Q12	我称做表兄弟姊妹的人是谁的子女?	['父系血亲的长辈（姑）和母系血亲的长辈（舅、妗、姨）', '父系血亲的长辈和母系血亲的长辈', '姑、舅、妗、姨']	进阶题	Kinship	Multi-Spans-Extraction
D037Q13	我要叫堂兄弟姊妹的爸爸什么?	['伯', '叔', '伯父', '叔父']	进阶题	Kinship	Kinship
D037Q14	我要如何称呼堂兄弟姊妹的爸爸?	['伯', '叔', '伯父', '叔父']	进阶题	Kinship	Kinship
D037Q15	我要叫表兄弟姊妹的爸爸什么?	['舅', '舅父']	进阶题	Kinship	Kinship
D037Q16	我要如何称呼表兄弟姊妹的爸爸?	['舅', '舅父']	进阶题	Kinship	Kinship
D037Q17	若没有从母姓，我的姪女的姓氏和我是否一样？	['是']	进阶题	YesNo	YesNo
D037Q18	若没有从母姓，我的伯父的姓氏和我是否一样？	['是']	进阶题	YesNo	YesNo
D037Q19	若没有从母姓，我的外甥女的姓氏和我是否一样？	['否']	进阶题	YesNo	YesNo
D037Q20	若没有从母姓，我的姓氏和我舅舅是否一样？	['否']	进阶题	YesNo	YesNo
D038Q01	被称为计算机科学与人工智慧之父的是哪位学者?	['艾伦·麦席森·图灵', ' Alan Mathison Turing', '阿兰·图灵', ' Turing', '涂林', '杜林']	基础题	Person	Single-Span-Extraction
D038Q02	图灵在二战期间在哪里工作?	['政府密码学校', ' GC&CS', '通信总部', '政府通信总部']	基础题	Location	Single-Span-Extraction
D038Q03	图灵在二战期间工作的机构地点在哪里?	['布莱切利园']	基础题	Location	Single-Span-Extraction
D038Q05	图灵在二战期间破解了哪一个国家的海军密码?	['德国']	进阶题	Organization	Single-Span-Extraction
D038Q06	图灵是哪一国人?	['英国']	基础题	Organization	Single-Span-Extraction
D038Q07	图灵出生于哪一年?	['1912年']	基础题	Date-Duration	Single-Span-Extraction
D038Q08	图灵于哪一年过逝?	['1954年']	基础题	Date-Duration	Single-Span-Extraction
D038Q09	图灵几岁时过逝?	['42岁']	进阶题	Date-Duration	Date-Duration
D038Q10	最早的计算机软体叫么名字?	['曼彻斯特一号']	基础题	Object	Single-Span-Extraction
D038Q11	最早的计算机位于哪一个机构内?	['曼彻斯特大学计算机实验室', '曼彻斯特大学']	基础题	Organization	Single-Span-Extraction
D039Q01	结婚男女对自己男性伴侣的称呼有哪些?	['丈夫、先生、外子、相公、官人、夫婿、夫君与老公']	基础题	Kinship	Multi-Spans-Extraction
D039Q02	结婚男女对自己女性伴侣的称呼有哪些?	['妻子、太太、老婆、内子、内人、娘子与夫人']	基础题	Kinship	Multi-Spans-Extraction
D039Q04	结婚后要如何称呼先生的母亲?	['婆婆、家姑、家婆、妈妈、大家与奶奶']	基础题	Kinship	Multi-Spans-Extraction
D039Q05	结婚后要如何称呼太太的父亲?	['岳父、丈人、丈母达、爸爸与外父']	基础题	Kinship	Multi-Spans-Extraction
D039Q06	结婚后要如何称呼儿子的太太?(亲属关系称谓)	['儿媳、儿媳妇、媳妇与新妇']	基础题	Kinship	Multi-Spans-Extraction
D039Q07	结婚后要如何称呼女儿的丈夫?(亲属关系称谓)	['女婿']	基础题	Kinship	Kinship
D039Q08	岳父指的是谁的父亲?	['妻子', '太太', '老婆', '内子', '内人', '娘子', '夫人']	基础题	Kinship	Kinship
D039Q10	公公指的是谁的父亲?	['丈夫']	基础题	Kinship	Kinship
D039Q11	婆婆指的是谁的母亲?	['丈夫']	基础题	Kinship	Kinship
D040Q01	哥哥的太太在亲属关系中是我的谁?	['嫂', '嫂嫂', '嫂子']	基础题	Kinship	Kinship
D040Q02	弟弟的太太在亲属关系中是我的谁?	['弟媳', '弟妹', '弟妇']	基础题	Kinship	Kinship
D040Q03	姐姐的先生亲属关系中是我的谁?	['姐夫']	基础题	Kinship	Kinship
D040Q04	妹妹的先生亲属关系中是我的谁?	['妹夫', '妹婿']	基础题	Kinship	Kinship
D040Q05	对丈夫的哥哥要如何称呼他?(亲属关系称谓)	['大伯子', '大伯']	基础题	Kinship	Kinship
D040Q06	对丈夫的弟弟要如何称呼他?(亲属关系称谓)	['小叔子', '小叔']	基础题	Kinship	Kinship
D040Q07	对丈夫的姐姐要如何称呼他?(亲属关系称谓)	['大姑子', '姑奶']	基础题	Kinship	Kinship
D040Q08	对丈夫的妹妹要如何称呼他?(亲属关系称谓)	['小姑子', '小姑', '姑妹']	基础题	Kinship	Kinship
D040Q09	对太太的哥哥要如何称呼他?(亲属关系称谓)	['大舅子', '大舅', '内兄']	基础题	Kinship	Kinship
D040Q10	对太太的弟弟要如何称呼他?(亲属关系称谓)	['小舅子', '小舅', '内弟']	基础题	Kinship	Kinship
D040Q11	对太太的姐姐要如何称呼他?(亲属关系称谓)	['大姨子', '大姨', '姨姐']	基础题	Kinship	Kinship
D040Q12	对太太的妹妹要如何称呼他?(亲属关系称谓) 	['小姨子', '小姨', '姨妹']	基础题	Kinship	Kinship
D040Q13	兄弟的太太之间在亲属关系的称谓为何?	['妯娌', '小婶仔', '大妯娌', '阿嫂', '大嫂']	进阶题	Kinship	Kinship
D042Q02	新闻中的沼气发电设备位于哪一座牧场内?	['新合兴牧场']	基础题	Location	Single-Span-Extraction
D042Q03	新闻中的沼气发电的原料是什么动物的排泄物?	['猪']	基础题	Object	Single-Span-Extraction
D042Q05	买下新合兴牧场的公司名称为何?	['祥圃实业公司']	基础题	Organization	Single-Span-Extraction
D042Q06	新合兴牧场的拥有者是谁?	['吴昆民']	基础题	Person	Single-Span-Extraction
D042Q08	新闻中的沼气发电系统是采用什么技术?	['二阶段高效厌氧发酵技术']	基础题	Object	Single-Span-Extraction
D042Q09	新合兴牧场沼气发电设备的建置是由哪些团队合作而完成的?	['祥圃实业、亚洲氢能公司、逢甲大学与瑞助营造公司']	进阶题	Organization	Multi-Spans-Extraction
D042Q10	新合兴牧场沼气发电设备于民国哪一年完工?	['2018年']	进阶题	Date-Duration	Date-Duration
D042Q14	新合兴牧场与哪一个公司签定售电合约?	['台电公司']	基础题	Organization	Single-Span-Extraction
D042Q15	新合兴牧场沼气发电设备预计每年可以有多少的产电收入?	['新台币95万元到100万元', '95万元到100万元']	基础题	Num-Measure	Single-Span-Extraction
D045Q01	QQ平台是中国哪一家公司的？	['腾讯']	基础题	Organization	Single-Span-Extraction
D045Q03	QQ小冰是哪一家公司开发的聊天机器人?	['微软公司', '微软']	基础题	Organization	Single-Span-Extraction
D045Q04	BabyQ是哪一家公司开发的聊天机器人?	['腾讯']	基础题	Organization	Single-Span-Extraction
D045Q05	小冰的中国梦是什么呢?	['移民美国']	基础题	Object	Single-Span-Extraction
D046Q02	这份研究报告是由哪两个单位合作进行的研究?	['环保署与国卫院国家环境医学研究所']	基础题	Organization	Multi-Spans-Extraction
D046Q03	这份研究报告使用的测量工具为何？	['空气盒子']	基础题	Object	Single-Span-Extraction
D046Q04	哪一种通勤方式所接触的PM2.5的瞬间数值最高?	['捷运']	基础题	Object	Multi-Spans-Extraction
D046Q05	哪一种通勤方式所接触的PM2.5的平均数值最高?	['骑乘机车通勤', '骑乘机车', '机车', '机车通勤']	基础题	Object	Multi-Spans-Extraction
D046Q06	六大通勤方式的细悬浮微粒（PM2.5）平均浓度暴露由高至低前三名是哪三种交通工具?	['机车、公车及捷运']	进阶题	Object	Multi-Spans-Extraction
D046Q08	测量捷运空气品质的空气盒子装置于捷运的哪个位置?	['月台']	基础题	Location	Single-Span-Extraction
D048Q01	本文中提到几个聊天机器人?	['4个']	进阶题	Num-Measure	Counting
D048Q02	史上第一个聊天机器人叫什么名字?	['Eliza']	基础题	Person	Single-Span-Extraction
D048Q03	史上第一个聊天机器人是哪一个机构发明的?	['麻省理工学院（MIT）人工智慧实验室', '麻省理工学院', 'MIT', '麻省理工学院人工智慧实验室', 'MIT人工智慧实验室']	基础题	Organization	Single-Span-Extraction
D048Q04	史上第一个聊天机器人是哪一年发明的?	['1966年']	基础题	Date-Duration	Single-Span-Extraction
D048Q07	本文中提到哪些聊天机器人?	['Eliza、Google助理及小冰']	进阶题	Object	Multi-Spans-Extraction
D048Q08	「小冰」是哪一家公司的产品?	['微软']	基础题	Organization	Single-Span-Extraction
D048Q09	聊天机器人仰赖哪些方法让回答愈来愈准确?	['']	申论	Object	Single-Span-Extraction
D049Q01	「雅婷逐字稿」是哪一个研究团队的产品?	['台湾人工智慧实验室（AILabs）', '台湾人工智慧实验室']	基础题	Organization	Single-Span-Extraction
D049Q03	「雅婷逐字稿」可以听懂几种语言?	['3种', '三种']	进阶题	Num-Measure	Counting
D049Q04	「雅婷逐字稿」的命名起源为何?	['']	申论	Event	Single-Span-Extraction
D049Q05	「雅婷逐字稿」善于处理本土腔的语音辨识技术,本土指的是哪个地区?	['台湾']	基础题	Location	Single-Span-Extraction
D049Q06	台湾人工智慧实验室的创办人是哪位?	['杜奕瑾']	基础题	Person	Single-Span-Extraction
D049Q08	唐凤的随记速录师是哪位?	['薛雅婷']	基础题	Person	Single-Span-Extraction
D049Q09	「雅婷逐字稿」是否可在iphone上使用吗?	['是']	进阶题	YesNo	YesNo
D052Q01	爸爸的祖父要如何称呼他呢？	['曾祖父', '太爷']	基础题	Kinship	Kinship
D052Q02	爸爸的祖母要如何称呼她呢？	['曾祖母', '太奶']	基础题	Kinship	Kinship
D052Q03	爸爸的外祖父要如何称呼他呢？	['外曾祖父', '太公']	基础题	Kinship	Kinship
D052Q04	爸爸的外祖母要如何称呼她呢？	['外曾祖母', '太婆']	基础题	Kinship	Kinship
D052Q05	爸爸的爸爸要如何称呼他呢？	['祖父', '爷爷', '阿公']	基础题	Kinship	Kinship
D052Q06	爸爸的妈妈要如何称呼她呢？	['祖母', '奶奶', '阿嬷']	基础题	Kinship	Kinship
D052Q07	爷爷是爸爸的什么人？	['父亲']	基础题	Kinship	Kinship
D052Q08	祖父是爸爸的什么人？	['父亲']	基础题	Kinship	Kinship
D052Q09	奶奶是爸爸的什么人？	['母亲']	基础题	Kinship	Kinship
D052Q10	阿嬷是爸爸的什么人？	['母亲']	基础题	Kinship	Kinship
D061Q01	年满几岁后就是高龄驾驶？	['75岁']	基础题	Date-Duration	Single-Span-Extraction
D061Q02	高龄驾驶每几年就必须换发短期驾照？	['3年']	基础题	Date-Duration	Single-Span-Extraction
D061Q03	台北市的高龄驾驶可以去哪里换发驾照呢？	['台北市区监理所', '行政区的临时柜台']	基础题	Location	Single-Span-Extraction
D061Q04	新闻中的高龄长者事故，年纪最大的是几岁？	['93岁']	基础题	Date-Duration	Single-Span-Extraction
D061Q05	根据台北市警局2019年1-8月的统计资料，发生高龄长者事故总共有多少件？	['395件']	基础题	Num-Measure	Single-Span-Extraction
D062Q01	陈由豪曾经担任哪一家公司的总裁？	['东帝士集团']	基础题	Organization	Single-Span-Extraction
D062Q02	陈由豪多少年前欠债欠税潜逃至大陆？	['17年']	基础题	Date-Duration	Single-Span-Extraction
D062Q05	陈由豪还有多少税款尚未缴清？	['4亿多元']	基础题	Num-Measure	Single-Span-Extraction
D064Q01	郭雪湖本名为何？	['郭金火']	基础题	Person	Single-Span-Extraction
D064Q03	郭雪湖在几岁的时候，母亲带他前往『雪溪画馆』拜师学艺？	['16岁']	基础题	Date-Duration	Single-Span-Extraction
D064Q04	郭金火在16岁的时候拜谁为师？	['蔡雪溪']	基础题	Person	Single-Span-Extraction
D064Q05	郭雪湖的冥诞是哪一天？	['1908年4月10日']	基础题	Date-Duration	Single-Span-Extraction
D064Q06	郭雪胡出生于哪里？	['台北市大稻埕', '台北市', '大稻埕']	基础题	Location	Single-Span-Extraction
D064Q07	郭雪湖的妻子是谁？	['林阿琴']	基础题	Person	Single-Span-Extraction
D064Q08	郭雪湖曾去过哪些国家？	['泰国、菲律宾、印度、中国大陆、美国与日本']	进阶题	Organization	Multi-Spans-Extraction
D064Q09	郭雪湖有几个孩子？	['四个', '四位']	基础题	Num-Measure	Single-Span-Extraction
D064Q10	发现郭雪湖绘画天分的小学老师为谁？	['陈英声']	基础题	Person	Single-Span-Extraction
D064Q11	郭雪湖的妻子的专业为何？	['画家']	基础题	Object	Single-Span-Extraction
D064Q12	帮助郭雪湖奠定描绘观音、帝君及裱褙的技艺的画家为谁？	['蔡雪溪']	基础题	Person	Single-Span-Extraction
D064Q13	郭雪湖何时过世？	['2012年1月23日']	基础题	Date-Duration	Single-Span-Extraction
D064Q14	郭雪湖几岁过世？	['103岁', '104岁']	基础题	Date-Duration	Date-Duration
D064Q15	郭雪湖享年几岁	['103岁', '104岁']	基础题	Date-Duration	Date-Duration
D064Q16	「郭雪湖百岁回顾展」于何时展出？	['2007年']	进阶题	Date-Duration	Single-Span-Extraction
D068Q01	2019三义木雕艺术节从哪一天开始?	['10月10日', '2019年10月10日']	基础题	Date-Duration	Single-Span-Extraction
D068Q02	2019三义木雕艺术节到哪一天结束?	['10月13日', '2019年10月13日']	进阶题	Date-Duration	Date-Duration
D068Q03	2019三义木雕艺术节在哪个县市举办?	['苗栗县']	基础题	Location	Single-Span-Extraction
D068Q04	2019三义木雕艺术节首日由哪两个活动揭开序幕?	['鲁班祭及7位大师冰雕秀', '鲁班祭及冰雕秀']	基础题	Event	Multi-Spans-Extraction
D068Q05	2019三义木雕艺术节活动于三义的哪两个地点举行?	['木雕博馆广场及水美商圈']	基础题	Location	Multi-Spans-Extraction
D069Q01	李安的出生地在哪里?	['台湾屏东潮州', '台湾', '台湾屏东', '屏东潮州', '屏东', '潮州']	基础题	Location	Single-Span-Extraction
D069Q02	李安的职业是什么?	['导演']	基础题	Object	Single-Span-Extraction
D069Q03	李安在哪里念大学?	['美国', '伊利诺大学', '伊利诺大学香槟分校']	基础题	Location	Single-Span-Extraction
D069Q04	李安于何时完成大学学业?	['1980年']	基础题	Date-Duration	Single-Span-Extraction
D069Q06	李安硕士念几年?	['3年']	进阶题	Date-Duration	Single-Span-Extraction
D069Q07	李安的第一部影视短片是在大学毕业后几年拍完成?	['2年']	进阶题	Date-Duration	Single-Span-Extraction
D069Q08	李安获得纽约大学影展的最佳导演奖及最佳影片奖的是哪一部电影?	['分界线', '《分界线》']	基础题	Object	Single-Span-Extraction
D069Q09	李安的硕士在哪完成?	['纽约大学']	基础题	Location	Single-Span-Extraction
D069Q10	在这篇文章中,李安念过哪些学校?	['伊利诺大学香槟分校与纽约大学', '伊利诺大学与纽约大学\n']	进阶题	Organization	Multi-Spans-Extraction
D069Q11	李安的家人是否支持他的电影事业?	['是']	进阶题	YesNo	YesNo
D069Q12	李安哪一部作品获得了新闻局优良电视剧本第一名?	['推手']	进阶题	Object	Single-Span-Extraction
D069Q13	在这篇文章一共描述了几部李安的作品?	['7部']	进阶题	Num-Measure	Counting
D070Q01	斯文豪的英文全名为?	['Robert Swinhoe']	基础题	Person	Single-Span-Extraction
D070Q02	斯文豪的中文译名有哪些?	['罗伯特·郇和、史温侯及斯文侯']	进阶题	Person	Multi-Spans-Extraction
D070Q03	斯文豪出生地在哪里?	['英属印度加尔各答', '印度加尔各答', '加尔各答']	基础题	Location	Single-Span-Extraction
D070Q04	斯文豪的曾担任台湾哪个地区的领事?	['打狗', '高雄', '打狗（今高雄）']	进阶题	Location	Single-Span-Extraction
D070Q05	斯文豪的在担任驻台湾领事时，对于哪一动物的生态特别有兴趣?	['鸟', '鸟类']	基础题	Object	Single-Span-Extraction
D070Q07	斯文豪哪一年开始担任外交官？	['1854年']	进阶题	Date-Duration	Date-Duration
D070Q08	斯文豪去世时是几岁？	['41岁']	进阶题	Date-Duration	Date-Duration
D070Q09	世界上最早的中国与台湾鸟类名录被收录在哪个学会的杂志？	['英国皇家鸟类学会']	基础题	Organization	Single-Span-Extraction
D070Q10	世界上最早的中国与台湾鸟类名录被收录在哪一个杂志？	['Ibis杂志', 'Ibis']	基础题	Organization	Single-Span-Extraction
D070Q11	世界上最早的中国与台湾鸟类名录是哪一位鸟类研究学者所撰写？	['郇和', '罗伯特·郇和', '史温侯', '斯文侯', '斯文豪']	基础题	Person	Single-Span-Extraction
D071Q01	张大千的出生地在中国哪里?	['四川内江', '四川']	基础题	Location	Single-Span-Extraction
D071Q03	张大千几岁时过逝呢?	['83岁']	基础题	Date-Duration	Date-Duration
D071Q04	有「渡海三家」之称的是哪三位艺术家?	['黄君璧、溥心畬与张大千']	基础题	Person	Multi-Spans-Extraction
D071Q05	与张大千同一时期的还有哪些有名的艺术家?(文本中)	['齐白石、徐悲鸿、黄君璧、黄宾虹、溥心畬、郎静山与毕卡索']	基础题	Person	Multi-Spans-Extraction
D071Q06	文中提及张大千曾经在哪些国家举办过画展?	['法国、英国、瑞士、印度、比利时、希腊、西班牙、新加坡、泰国、德国、巴西与美国']	进阶题	Location	Multi-Spans-Extraction
D071Q07	张大千曾经在哪些城市举办过画展?	['巴黎、伦敦、日内瓦、新德里与香港']	进阶题	Location	Multi-Spans-Extraction
D071Q08	张大千曾经在哪里举办过画展?	['法国巴黎、英国伦敦、瑞士日内瓦、印度新德里、比利时、希腊、西班牙、新加坡、泰国、德国、巴西、美国与香港', '法国、英国、瑞士、印度、比利时、希腊、西班牙、新加坡、泰国、德国、巴西与美国', '巴黎、伦敦、日内瓦、新德里与香港']	基础题	Location	Multi-Spans-Extraction
D071Q09	张大千特有的画功是什么?	['泼墨与泼彩']	进阶题	Object	Multi-Spans-Extraction
D071Q10	张大千哪一年离开中国?	['1949年']	基础题	Date-Duration	Single-Span-Extraction
D071Q12	张大千哪一年去世?	['1983年']	进阶题	Date-Duration	Single-Span-Extraction
D071Q13	张大千在哪里去世?	['台北']	基础题	Location	Single-Span-Extraction
D071Q14	张大千离开中国到定居台北，中间隔了多长的时间?	['27年']	进阶题	Date-Duration	Date-Duration
D071Q15	张大千得到纽约国际艺术学会选为世界大画家荣获金奖的作品是哪一幅画作?	['秋海棠', '《秋海棠》']	进阶题	Object	Single-Span-Extraction
D071Q16	张大千先生的最后一部大作是哪一幅画?	['庐山图', '《庐山图》']	基础题	Object	Single-Span-Extraction
D072Q01	莎士比亚的中文全名为?	['威廉·莎士比亚']	基础题	Person	Single-Span-Extraction
D072Q02	莎士比亚的英文全名为?	['William Shakespeare']	基础题	Person	Single-Span-Extraction
D072Q03	莎士比亚的生日是哪一天?	['1564年4月23日']	基础题	Date-Duration	Single-Span-Extraction
D072Q04	莎士比亚的出生地在哪?	['英格兰沃里克郡雅芳河畔斯特拉特福', '英格兰', '沃里克郡', '雅芳河畔斯特拉特福']	基础题	Location	Single-Span-Extraction
D072Q05	莎士比亚的妻子叫什么名字?	['安·哈瑟维']	基础题	Person	Single-Span-Extraction
D072Q06	莎士比亚死于何地?	['雅芳河畔斯特拉特福']	基础题	Location	Single-Span-Extraction
D072Q08	莎士比亚的悲剧作品有哪些?(在文本中)	['《罗密欧与朱丽叶》与《马克白》']	进阶题	Object	Multi-Spans-Extraction
D072Q09	莎士比亚的悲喜剧作品有哪些?(在文本中)	['《辛白林》、《冬天的故事》、《暴风雨》与《泰尔亲王佩力克尔斯》']	进阶题	Object	Multi-Spans-Extraction
D073Q01	鲸鲨的学名是什么呢?	['Rhincodon typus']	基础题	Object	Single-Span-Extraction
D073Q02	鲸鲨有哪些暱称呢?	['鲸鲛、豆腐鲨与大憨鲨']	基础题	Object	Multi-Spans-Extraction
D073Q03	目前有记录的鲸鲨最大可以长到几公尺?	['12.65公尺']	基础题	Num-Measure	Single-Span-Extraction
D073Q04	目前有记录的鲸鲨最大可以长到几公分?	['1265公分']	进阶题	Num-Measure	Arithmetic-Operations
D073Q05	目前有记录的鲸鲨最久可以活到几岁?	['100岁']	进阶题	Date-Duration	Date-Duration
D073Q06	鲸鲨主要的食物来源有哪些?	['浮游生物、藻类、圣诞岛红蟹、磷虾与乌贼', '浮游生物、巨大的藻类、年幼的圣诞岛红蟹、磷虾与小型乌贼']	基础题	Object	Multi-Spans-Extraction
D073Q07	鲸鲨曾经在哪些海域出现过?	['西澳宁歌路珊瑚礁、宏都拉斯、菲律宾董索与八打雁（Batangas）、坦尚尼亚奔巴岛、马菲亚岛与桑吉巴、印度大卡吉盐沼地（Great Rann of Kutch）、墨西哥犹加敦州穆赫雷斯岛、荷布斯岛、马达加斯加贝岛、印度尼西亚乌戎库隆国家公园、以色列埃拉特']	进阶题	Location	Multi-Spans-Extraction
D073Q08	目前已知3种滤食鲨鱼是哪三种?	['鲸鲨、巨口鲨与姥鲨']	基础题	Object	Multi-Spans-Extraction
D073Q09	目前有哪些国家致力于鲸鲨保育工作?	['马尔地夫、菲律宾、印度与台湾']	进阶题	Organization	Multi-Spans-Extraction
D073Q11	菲律宾的鲸鲨保育政策为何?	['禁止所有有关鲸鲨的商业猎捕、贩卖、输入与输出活动。']	进阶题	Misc	Multi-Spans-Extraction
D073Q12	台湾对于鲸鲨保育做了哪些努力?	['']	申论	Object	Single-Span-Extraction
D076Q02	美国总统川普在家排行老几?	['老四']	进阶题	Num-Measure	Counting
D076Q03	美国总统川普有几个兄弟姊妹?	['四个', '4个']	进阶题	Num-Measure	Counting
D076Q04	美国总统川普的英文全名为?	['Donald John Trump']	基础题	Person	Single-Span-Extraction
D076Q05	美国总统川普有个当法官的姐姐叫什么名字?	['玛丽安娜·川普·巴里']	基础题	Person	Single-Span-Extraction
D076Q06	美国总统川普总共有几个小孩?	['五个', '5个']	进阶题	Num-Measure	Counting
D076Q07	美国总统川普结了几次婚?	['三次', '3次']	进阶题	Num-Measure	Counting
D076Q08	美国总统川普离过几次婚?	['两次', '2次']	进阶题	Num-Measure	Counting
D076Q09	美国总统川普在当总统前是做什么的?	['从政前，是商人和电视名人。为川普集团前任董事长兼总裁及川普娱乐公司的创办人，在全世界经营房地产、赌场和酒店。']	进阶题	Misc	Multi-Spans-Extraction
D076Q10	美国总统川普几岁时当上总统?	['70岁']	进阶题	Date-Duration	Date-Duration
D076Q11	现任美国第一夫人是谁?	['梅兰妮亚·川普']	基础题	Person	Single-Span-Extraction
D077Q01	马可.波罗在几岁的时候跟著父亲和叔父去遥远的东方做生意？	['17岁']	进阶题	Date-Duration	Date-Duration
D077Q02	马可.波罗的宗教信仰为何?	['天主教']	进阶题	Organization	Single-Span-Extraction
D077Q03	马可.波罗第一次抵达中国是哪一年？	['1275年']	进阶题	Date-Duration	Single-Span-Extraction
D077Q04	马可.波罗和父亲以及叔父晋见了哪一朝的皇帝？	['元朝']	基础题	Date-Duration	Single-Span-Extraction
D077Q05	马可.波罗和父亲以及叔父去的元朝是哪一位皇帝？	['元世祖忽必烈', '元世祖']	基础题	Person	Single-Span-Extraction
D077Q06	哪一位教宗写信给匆必烈?	['教宗格里高利十世', '格里高利十世']	基础题	Person	Single-Span-Extraction
D077Q07	马可.波罗受到谁的托咐，护送蒙古公主出嫁？	['忽必烈']	进阶题	Person	Single-Span-Extraction
D077Q08	马可.波罗护送蒙古公主到哪一个国家合亲？	['伊儿汗国']	基础题	Organization	Single-Span-Extraction
D077Q09	马可.波罗护送的蒙古公主叫什么名字？	['阔阔真']	基础题	Person	Single-Span-Extraction
D077Q10	马可.波罗是哪一国人？(文本中)	['威尼斯共和国']	基础题	Organization	Single-Span-Extraction
D078Q01	妈妈的阿公，我要怎么称呼他？	['外曾祖父(外太公)', '外曾祖父', '外太公']	基础题	Kinship	Kinship
D078Q02	妈妈的阿妈，我要怎么称呼她？	['外曾祖母(外太/外太婆)', '外曾祖母', '外太', '外太婆']	基础题	Kinship	Kinship
D078Q03	在亲属关系中，我的外公是谁的爸爸？	['母亲']	基础题	Kinship	Kinship
D078Q04	在亲属关系中，我的外婆是谁的妈妈？	['母亲']	基础题	Kinship	Kinship
D078Q05	在亲属关系中，妈妈的哥哥，我要叫他什么？	['舅父(舅舅)', '舅父', '舅舅']	基础题	Kinship	Kinship
D078Q06	在亲属关系中，妈妈的姐姐，我要叫他什么？	['姨母(姨妈/阿姨)', '姨母', '姨妈', '阿姨']	基础题	Kinship	Kinship
D078Q07	在亲属关系中，阿姨的先生是我的什么人?	['姨父(姨丈)', '姨父', '姨丈']	基础题	Kinship	Kinship
D078Q08	在亲属关系中，舅舅的太太是我的什么人?	['舅母(妗母)', '舅母', '妗母']	基础题	Kinship	Kinship
D079Q01	目前有哪一个问答系统在与人类兢赛的过程中获胜?	['IBM的华生系统', '华生系统', '华生']	基础题	Object	Single-Span-Extraction
D079Q05	问答系统中把回答范围限缩在文本资讯的问题类型是哪一类?	['「仿真陈述问答」（Factoid Question Answering）', '仿真陈述问答', 'Factoid Question Answering']	进阶题	Object	Single-Span-Extraction
D079Q06	问答系统中能回答列举型问句的问题类型是哪一类?	['「清单问答」（List Question Answering）', '清单问答', 'List Question Answering']	基础题	Object	Single-Span-Extraction
D079Q07	问答系统中需根据上下文才能回答的问题类型是哪一类?	['时间限制型']	基础题	Object	Single-Span-Extraction
D082Q02	科技部表示今年竞赛的重点在于AI的哪一项能力?(文本中)	['「语音理解」能力', '语音理解', '「语音理解」']	基础题	Object	Single-Span-Extraction
D082Q04	ＡＩ应用核心是什么技术？	['语意理解技术']	基础题	Object	Single-Span-Extraction
D082Q05	第二届「科技大擂台 与AI对话」报名截止日是哪一天?	['2019年10月7号']	基础题	Date-Duration	Date-Duration
D082Q06	为让年青学子也能共同参与ＡＩ人机对话应用，科技部还举办了什么活动？	['FUN CUP营队', 'FUN CUP']	进阶题	Event	Single-Span-Extraction
D083Q01	这起事故发生在哪个路段？	['国道一路北上42.3公里林口路段', '国道一号北上林口路段']	基础题	Location	Single-Span-Extraction
D083Q02	事故发生的时间？（完整日期与时间）	['2019年9月16日上午7点多', '2019年9月16日上午7点']	进阶题	Date-Duration	Date-Duration
D083Q03	这起事故的肇事者是谁？	['吴姓驾驶']	基础题	Person	Single-Span-Extraction
D083Q04	这起事故的肇事者驾驶何种车辆？	['大货车']	基础题	Object	Single-Span-Extraction
D083Q07	这起事故的肇事车辆是从哪里出发？	['彰化伸港', '彰化', '伸港']	基础题	Location	Single-Span-Extraction
D083Q08	这起事故的肇事车辆的目的地是哪里？	['五股']	基础题	Location	Single-Span-Extraction
D083Q09	这起事故的肇事者是否酒驾?	['否']	进阶题	YesNo	YesNo
D083Q10	这起事故的肇事车辆所载的货物是什么?	['布料', '布']	基础题	Object	Single-Span-Extraction
D085Q01	2017年芬普尼鸡蛋污染事件有多少国家遭到波及?	['40国', '40个', '40']	基础题	Num-Measure	Single-Span-Extraction
D085Q03	文本中的受到污染的鸡蛋是因为使用了哪一项鸡舍清洁产品?	['DEGA-16']	基础题	Object	Single-Span-Extraction
D085Q04	文本中的生产使鸡蛋受污染的鸡舍清洁产品是哪一家公司的产品?:	['Poultry Vision']	基础题	Organization	Single-Span-Extraction
D085Q05	文本中的生产使鸡蛋受污染的鸡舍清洁产品是哪个国家的公司?	['比利时']	基础题	Organization	Single-Span-Extraction
D085Q06	掺了普芬尼的DEGA-16是向哪一家公司购买的?	['Poultry Vision']	基础题	Organization	Single-Span-Extraction
D085Q07	文本中知情不报的厂商是哪两家?	['ChickFriend与Poultry Vision']	进阶题	Organization	Multi-Spans-Extraction
D085Q08	欧盟28个会员国中，只有多少个国家未被芬普尼鸡蛋污染事件波及？	['4个']	进阶题	Num-Measure	Arithmetic-Operations
D086Q01	自然界中的能源常以哪些型式存在？	['热，电，辐射与化学能']	基础题	Object	Multi-Spans-Extraction
D086Q02	传统对能源的二分法是哪两类？	['不可再生能源与再生能源']	基础题	Object	Multi-Spans-Extraction
D086Q04	石油是否为可再生能源？	['否']	进阶题	YesNo	YesNo
D086Q05	太阳能是否为不可再生能源？	['否']	进阶题	YesNo	YesNo
D086Q06	火力发电厂所使用的煤是否为可再生能源？	['否']	进阶题	YesNo	YesNo
D086Q07	风力发电厂是否仰赖不可再生能源？	['否']	进阶题	YesNo	YesNo
D086Q03	不可再生能源的意义是什么？	['']	申论	Object	Single-Span-Extraction
D087Q01	台湾设计展在哪一个县市举办？	['屏东县']	基础题	Location	Single-Span-Extraction
D087Q02	台湾设计展何时开幕?（年月日）	['2019年10月5号', '2019年10月5日']	进阶题	Date-Duration	Date-Duration
D087Q04	屏东县双层巴士观光服务行经路线停靠哪些景点?	['将军之屋（胜利星村）、演武场、台糖县民公园纸浆厂、万年溪景观桥及屏东火车站', '胜利星村、演武场、台糖县民公园纸浆厂、万年溪景观桥及屏东火车站', '将军之屋、演武场、台糖县民公园纸浆厂、万年溪景观桥及屏东火车站']	进阶题	Location	Multi-Spans-Extraction
D087Q05	屏东县双层观光巴士是否有车顶?	['否']	进阶题	YesNo	YesNo
D087Q06	屏东县双层观光巴士发车地点是哪一站?	['屏东火车站']	进阶题	Location	Single-Span-Extraction
D087Q07	屏东县双层观光巴士第一班发车时间是几点?	['14:30']	进阶题	Date-Duration	Single-Span-Extraction
D087Q08	屏东县双层观光巴士最后一班发车时间是几点?	['19:30']	进阶题	Date-Duration	Single-Span-Extraction
D088Q02	生质燃料是否为可再生能源?	['是']	基础题	YesNo	YesNo
D088Q03	生质燃料是否有效减低全球暖化的速度?	['否', '不一定']	基础题	YesNo	YesNo
D088Q05	试举出文本中非动物废弃物的生质燃料原料。	['稻糠、稻秣、稻草、麦梗、稻糠、木薯、木材、废水和厨余']	进阶题	Object	Multi-Spans-Extraction
D088Q06	试举出文本中五项作为生质燃料原料的粮食作物。	['玉米、黄豆、木薯、亚麻籽和油菜籽']	进阶题	Object	Multi-Spans-Extraction
D088Q07	文本中有哪些水果也能作为生质燃料的原料?	['甘蔗和椰子']	进阶题	Object	Multi-Spans-Extraction
D088Q08	文本中有哪些生质燃料已证实对环境造成负面影响?	['玉米酒精']	基础题	Object	Single-Span-Extraction
D089Q01	传统媒体与社群媒体在传递讯息的速度上，哪一个比较快？	['社群媒体']	进阶题	Organization	Comparing-Members
D089Q02	传统媒体与社群媒体在传递讯息的内容上，哪一个专业门槛较高？	['传统媒体']	进阶题	Organization	Comparing-Members
D089Q03	传统媒体与社群媒体在传递讯息的内容上，哪一个比较容易更新？	['社群媒体']	进阶题	Organization	Comparing-Members
D089Q04	传统媒体与社群媒体在传递讯息的制作成本上，哪一个比较高？	['传统媒体']	进阶题	Organization	Comparing-Members
D089Q05	传统媒体与社群媒体在点阅率上，哪一个可以快速被量化？	['社群媒体']	进阶题	Organization	Comparing-Members
D090Q01	奈米技术在广义上是制造尺寸多大的结构技术?	['100奈米以下']	基础题	Num-Measure	Single-Span-Extraction
D090Q02	奈米尺度下，什么金属会从原本不透明变为透明？	['铜']	基础题	Object	Single-Span-Extraction
D090Q03	奈米尺度下，什么金属会在室温下由固体变成液体？	['金']	基础题	Object	Single-Span-Extraction
D090Q04	奈米尺度下，什么材质会从原本的绝绿体变为导体？	['矽']	基础题	Object	Single-Span-Extraction
D090Q05	第一个提出奈米技术概念的研究学者是哪位?　	['理察·费曼']	基础题	Person	Single-Span-Extraction
D090Q06	第一个提出奈米科技定义的研究学者是哪位?	['谷口纪男']	基础题	Person	Single-Span-Extraction
D090Q07	奈米元年是哪一年?	['1981年']	基础题	Date-Duration	Single-Span-Extraction
D090Q08	奈米元年的提出哪一项应用被发明出来?	['扫描隧道显微镜']	基础题	Object	Single-Span-Extraction
D090Q09	生物医学所使用的奈米结晶金属是哪两种?(在本文中)	['奈米结晶银与奈米结晶钛']	基础题	Object	Multi-Spans-Extraction
D090Q10	可用来杀菌的奈米结晶金属是哪一种?(在本文中)	['奈米结晶银']	基础题	Object	Single-Span-Extraction
D090Q11	可用做人工关节的奈米结晶金属是哪一种?(在本文中)	['奈米结晶钛']	基础题	Object	Single-Span-Extraction
D091Q02	亲属关系中要称为岳祖父的是谁的祖父?	['妻子']	基础题	Kinship	Kinship
D091Q03	亲属关系中要称为祖奶奶的是谁的祖母?	['丈夫']	基础题	Kinship	Kinship
D091Q04	亲属关系中要称为岳奶奶的是谁的祖母?	['妻子']	基础题	Kinship	Kinship
D091Q05	丈夫的叔叔要怎么叫他?	['叔父', '叔叔']	基础题	Kinship	Kinship
D091Q06	丈夫的叔叔要怎么称呼他?	['叔父', '叔叔']	基础题	Kinship	Kinship
D091Q07	丈夫的婶婶要怎么叫她?	['叔母', '婶婶']	基础题	Kinship	Kinship
D091Q08	妻子的叔叔要怎么叫他?	['资讯不足无法判定']	进阶题	Kinship	Kinship
D091Q09	妻子的叔叔要怎么称呼他?	['资讯不足无法判定']	进阶题	Kinship	Kinship
D091Q10	妻子的婶婶要怎么叫她?	['资讯不足无法判定']	进阶题	Kinship	Kinship
D091Q12	太太的奶奶要怎么称呼她?	['岳祖母', '奶奶']	基础题	Kinship	Kinship
D092Q02	繁体字有哪些不同称呼?	['繁体字、传承字、正体中文、繁体中文、传统中文、正体字、原体字及深笔字']	进阶题	Object	Multi-Spans-Extraction
D092Q03	香港何时回归中国?	['1997年7月1日', '1997年']	基础题	Date-Duration	Single-Span-Extraction
D092Q04	香港哪一年回归中国?	['1997年']	基础题	Date-Duration	Single-Span-Extraction
D092Q05	香港主权移交至中国至今(2020年)，已有多少年？	['23年', '22年']	进阶题	Date-Duration	Date-Duration
D092Q06	澳门何时回归中国?	['1999年12月20日', '1999年']	基础题	Date-Duration	Single-Span-Extraction
D092Q07	澳门哪一年回归中国?	['1999年']	基础题	Date-Duration	Single-Span-Extraction
D092Q08	澳门主权移交至中国至今(2020年)，已有多少年？	['21年', '20年']	进阶题	Date-Duration	Date-Duration
D092Q09	「繁体字」一词最早出现于哪一年?	['1964年']	进阶题	Date-Duration	Single-Span-Extraction
D092Q10	台湾官方使用的中文是「简体字」还是「繁体字」?	['繁体字']	基础题	Object	Single-Span-Extraction
D092Q11	香港官方使用的中文是「简体字」还是「繁体字」?	['繁体字']	基础题	Object	Single-Span-Extraction
D092Q12	新加坡官方使用的中文是「简体字」还是「繁体字」?	['简体字', '简体中文']	基础题	Object	Single-Span-Extraction
D093Q01	简体字是哪一个国家制定规范并推行?	['中华人民共和国']	基础题	Organization	Single-Span-Extraction
D093Q02	《简化字总表》是中国哪一个单位颁布的?	['中国文字改革委员会']	基础题	Organization	Single-Span-Extraction
D093Q03	《简化字总表》收录了多少个简体字?	['2,274个']	基础题	Num-Measure	Single-Span-Extraction
D093Q04	有哪些国家是使用简体字中文的?	['中华人民共和国、新加坡及马来西亚']	进阶题	Organization	Multi-Spans-Extraction
D093Q05	《简化字总表》是哪一年发布的?	['1964年']	基础题	Date-Duration	Single-Span-Extraction
D093Q07	台湾地区使用的中文是何种字体?	['繁体', '繁体字', '传承字', '正体字', '原体字', '深笔字']	基础题	Object	Single-Span-Extraction
D094Q02	伊甸基金会是由谁所创立的?	['刘侠']	基础题	Person	Single-Span-Extraction
D094Q03	伊甸基金会于哪一年成立的?	['1982年']	基础题	Date-Duration	Single-Span-Extraction
D094Q05	伊甸基金会成立至2017年有多少年了?	['35年']	基础题	Date-Duration	Single-Span-Extraction
D094Q06	伊甸基金会任用身心障碍者工作占全体员工的百分比是多少?	['20%', '百分之二十']	进阶题	Num-Measure	Arithmetic-Operations
D094Q01	伊甸基金会成立的宗旨为何?	['']	申论	Event	Single-Span-Extraction
D095Q01	宝可梦的英文是什么?	['Pocket Monsters']	基础题	Object	Single-Span-Extraction
D095Q02	宝可梦在中国地区的译名有哪些?	['口袋妖怪、口袋怪兽、神奇宝贝、精灵宝可梦及宝可梦']	进阶题	Object	Multi-Spans-Extraction
D095Q03	第一个宝可梦游戏起源于何时?	['1995年']	基础题	Date-Duration	Single-Span-Extraction
D095Q04	宝可梦至2019年8月止, 一共有多少种精灵宝可梦生物?	['825种']	基础题	Num-Measure	Single-Span-Extraction
D095Q06	宝可梦在1996年发行时的游戏名称叫什么?	['《精灵宝可梦 红·绿》', '精灵宝可梦 红·绿']	基础题	Object	Single-Span-Extraction
D095Q07	宝可梦最早是由谁所提出的?	['田尻智']	基础题	Person	Single-Span-Extraction
D096Q01	皮卡丘的英文怎么拼写?	['Pikachu']	基础题	Object	Single-Span-Extraction
D096Q02	皮卡丘的名字是怎么来的?	['其名字由日文中光线的状声词「Pika」（ピカ）、以及老鼠的叫声「啾啾」（チュウ）组合而成。']	基础题	Misc	Multi-Spans-Extraction
D096Q04	皮卡丘体重是几公斤?	['6.0 kg', '6.0公斤', '6公斤', '6.0kg', '6kg']	基础题	Num-Measure	Single-Span-Extraction
D096Q06	《精灵宝可梦》系列有多少个虚构生物?	['827个']	基础题	Num-Measure	Single-Span-Extraction
D096Q07	《精灵宝可梦》系列中最具代表性的宝可梦是哪一个?	['皮卡丘']	基础题	Object	Single-Span-Extraction
D097Q01	诺贝尔奖是根据哪位学者的遗嘱而设立的?	['瑞典化学家阿佛烈·诺贝尔', '阿佛烈·诺贝尔', '诺贝尔']	基础题	Person	Single-Span-Extraction
D097Q02	诺贝尔奖一共有几个奖项?	['五个']	基础题	Num-Measure	Single-Span-Extraction
D097Q04	诺贝尔出生于哪一年?	['1833年']	基础题	Date-Duration	Single-Span-Extraction
D097Q05	诺贝尔于哪一年过世?	['1896年']	基础题	Date-Duration	Single-Span-Extraction
D097Q06	诺贝尔享年几岁?	['63岁']	基础题	Date-Duration	Date-Duration
D097Q07	诺贝尔奖的提名是几月开始?	['9月']	基础题	Date-Duration	Single-Span-Extraction
D097Q08	诺贝尔奖得主名单何时会确定?	['10月']	基础题	Date-Duration	Single-Span-Extraction
D100Q01	2019年在台湾举办的宝可梦活动从哪一天开始?	[' 10月3号']	基础题	Date-Duration	Single-Span-Extraction
D100Q03	2019年在台湾举办的宝可梦活动为期几天?	['四天']	基础题	Date-Duration	Single-Span-Extraction
D100Q04	2019年在台湾举办的宝可梦活动的地点在哪呢?	['新北大都会公园']	基础题	Location	Single-Span-Extraction
D100Q05	2019年台湾宝可梦活动在哪一个县市举办?	['新北市']	基础题	Location	Single-Span-Extraction
D100Q06	2019年台湾宝可梦活动期间有哪些宝可梦精灵在新北市景点出现?	['飞天螳螂、三蜜蜂、走路草及蚊香蝌蚪']	基础题	Object	Multi-Spans-Extraction
D100Q07	有哪些大众运输工具可以到达2019年台湾宝可梦活动会场呢?	['机场捷运或台北捷运中和新芦线或公车', '机场捷运、台北捷运中和新芦线或公车']	进阶题	Object	Multi-Spans-Extraction
D103Q01	H1N1流感第一次全球大流行在哪一年?	['2009年']	基础题	Date-Duration	Single-Span-Extraction
D103Q03	美国第一次发现H1N1流感的日期是哪一天?	['2009年4月21日']	基础题	Date-Duration	Single-Span-Extraction
D103Q04	台湾第一次发现H1N1流感的日期是哪一天?	['2009年5月20日']	基础题	Date-Duration	Single-Span-Extraction
D103Q05	台湾2009年的H1N1流感被感染而住院的人数有多少?	['844人']	基础题	Num-Measure	Single-Span-Extraction
D103Q06	台湾2009年的H1N1流感造成多少人死亡?	['35人']	基础题	Num-Measure	Single-Span-Extraction
D103Q08	大学生是否适用「325停课标准」?	['否']	进阶题	YesNo	YesNo
D103Q07	什么是「325停课标准」?	['']	申论	Kinship	Kinship
D104Q02	台湾第一次发现H1N1群聚感染的日期是哪一天?	['2009年6月7日']	进阶题	Date-Duration	Date-Duration
D104Q04	台湾第一起因 H1N1 过逝的人是谁?	['一名39岁的男子']	基础题	Person	Single-Span-Extraction
D104Q05	台湾第一起因 H1N1 死亡的案例是哪一天?	['2009年7月30日']	基础题	Date-Duration	Date-Duration
D104Q06	香港第一次发现 H1N1 流感的日期是哪一天?	['2009年5月1日']	基础题	Date-Duration	Date-Duration
D105Q01	全民健保于哪一年实施?	['1995年']	基础题	Date-Duration	Single-Span-Extraction
D105Q02	全民健保于民国哪一年实施?	['民国84年', '84年']	进阶题	Date-Duration	Date-Duration
D105Q04	全民健保于实施至今(2019年)有多少年了?	['24年']	进阶题	Date-Duration	Date-Duration
D105Q05	全民健保实施之前的健康保险有哪些?	['军人保险（军保）、公教人员保险（公保）、劳工保险（劳保）、农民健康保险（农保）及保险业各自承保的健康保险', '军人保险、公教人员保险、劳工保险、农民健康保险及保险业各自承保的健康保险', '军保、公保、劳保、农保及保险业各自承保的健康保险']	基础题	Object	Multi-Spans-Extraction
D105Q06	全民健保实施之前，军人的健康保险简称为？	['军保']	基础题	Object	Single-Span-Extraction
D105Q07	全民健保实施之前，公教人员的健康保险简称？	['公保']	基础题	Object	Single-Span-Extraction
D105Q08	全民健保实施之前，劳工的健康保险简称什么？	['劳保']	基础题	Object	Single-Span-Extraction
D105Q09	全民健保实施之前，农民的健康保险叫什么？	['农保']	基础题	Object	Single-Span-Extraction
D105Q10	全民健保何时由行政院经建会开始规划?	['1988年']	基础题	Date-Duration	Single-Span-Extraction
D106Q01	全民健保卡何时完成全面IC卡化?	['2003年']	基础题	Date-Duration	Single-Span-Extraction
D106Q02	行政院卫生署中央健康保险局的首长职称为何?	['局长']	基础题	Organization	Single-Span-Extraction
D106Q03	行政院卫生署中央健康保险局现更名为?	['卫生福利部中央健康保险署', '健保署']	基础题	Organization	Single-Span-Extraction
D106Q05	我国的所实施的全民健康保险分类上是否与加拿大类似?	['是']	基础题	YesNo	YesNo
D106Q06	我国的所实施的全民健康保险费率是否与加拿大类似?	['否']	进阶题	YesNo	YesNo
D106Q07	卫福部于哪一年成立?	['2013年']	基础题	Date-Duration	Single-Span-Extraction
D106Q08	健康存折要使用哪两种卡片择一登入?	['健保卡或自然人凭证', '健保卡', '自然人凭证']	基础题	Object	Single-Span-Extraction
D107Q02	三大健康照护体系保险制分别以哪三个国家做代表?(前项其代表国家，后项列出请列出保险制)	['德国社会保险制、英国公医制及美国自由市场']	进阶题	Organization	Multi-Spans-Extraction
D107Q03	我们的国家的健康照护体系保险制是哪一种?	['社会保险制']	基础题	Object	Single-Span-Extraction
D107Q04	社会保险制的医疗开支由疾病保险基金所支付，其基金的来源有哪些?	['政府、雇主及民众']	基础题	Person	Multi-Spans-Extraction
D107Q05	公医制的医疗开支的经费由何而来?	['政府编列预算', '政府']	基础题	Organization	Single-Span-Extraction
D107Q06	自由市场的医疗开支的经费由何而来?	['民营的医疗保险公司']	基础题	Organization	Single-Span-Extraction
D107Q07	三大健康照护体系保险制度中，政府涉入程度低的是哪一种？	['自由市场']	进阶题	Object	Single-Span-Extraction
D107Q08	三大健康照护体系保险制度中，政府涉入程度高的是哪一种？	['公医制']	进阶题	Object	Single-Span-Extraction
D108Q02	「协助单身及鼓励婚育租金补贴试办方案」补助的单身青年是介于几岁到几岁之间?	['20岁至40岁']	基础题	Date-Duration	Date-Duration
D108Q03	「协助单身及鼓励婚育租金补贴试办方案」补助的单身青年最低年龄是几岁?	['20岁']	进阶题	Date-Duration	Date-Duration
D108Q04	「协助单身及鼓励婚育租金补贴试办方案」补助的单身青年最高年龄是几岁?	['40岁']	进阶题	Date-Duration	Date-Duration
D108Q05	「协助单身及鼓励婚育租金补贴试办方案」补助的新婚夫妻指的是结婚几年内的夫妇?	['2年内']	基础题	Date-Duration	Single-Span-Extraction
D108Q06	单身族群最高可以领到多少钱?	['4000元']	进阶题	Num-Measure	Counting
D108Q07	「协助单身及鼓励婚育租金补贴试办方案」为期多久?	['一年']	基础题	Date-Duration	Single-Span-Extraction
D113Q01	为何全球的罹癌率每年上升？	['人类越来越长寿及开发中国家生活习惯的改变']	进阶题	Event	Multi-Spans-Extraction
D113Q02	台湾十大死因之首是什么？	['癌症']	基础题	Object	Single-Span-Extraction
D113Q03	老人是否为最容易罹患癌症的族群？	['是']	进阶题	YesNo	YesNo
D113Q05	美国人因癌症而死亡的人口比例是多少百分比？	['20%', '百分之二十', '百分之廿']	基础题	Num-Measure	Arithmetic-Operations
D113Q07	根据文本的数据，男性癌症前三名是哪三种？	['肺癌、前列腺癌（摄护腺癌）及大肠直肠癌', '肺癌、前列腺癌及大肠直肠癌', '肺癌、摄护腺癌及大肠直肠癌']	进阶题	Object	Multi-Spans-Extraction
D113Q08	根据文本的数据，女性癌症前三名是哪三种？	['乳癌、大肠直肠癌及肺癌']	进阶题	Object	Multi-Spans-Extraction
D115Q01	根据文章内容是否要多吃蔬菜少吃肉就可以预防癌症?	['是']	进阶题	YesNo	YesNo
D115Q03	80至90年代在芬兰和美国所进行的大规模随机临床实验，是为了要找出哪一种植化素可降低癌症风险?	['β-胡萝卜素']	进阶题	Object	Single-Span-Extraction
D115Q04	80至90年代在芬兰和美国所进行的大规模随机临床实验，是为了要找出哪一种植化素与哪一种癌症的相关性?	['β-胡萝卜素和肺癌']	进阶题	Object	Multi-Spans-Extraction
D115Q05	80至90年代在芬兰和美国所进行八万名有吸烟者的实验，是否证明该植化素可预防肺癌发生率?	['否']	基础题	YesNo	YesNo
D115Q06	在80至90年代在芬兰和美国所进行八万名有吸烟者的实验，有哪些变数操弄著该实验？	['β-胡萝卜素、安慰剂、吸烟者与曾吸烟者']	进阶题	Misc	Multi-Spans-Extraction
D115Q07	十字花科植物可以预防癌症的植化素是什么?　	['吲哚类与硫代配糖体']	进阶题	Object	Multi-Spans-Extraction
D115Q08	文章中提到的十字花科植物有哪些?	['花椰菜、油菜、芥蓝菜、雪里红、高丽菜、芥菜、大白菜、小白菜、青江菜与白萝卜']	基础题	Object	Multi-Spans-Extraction
D116Q01	根据文章内容是否多吃蔬菜少吃肉就会减低癌症风险?	['是']	基础题	YesNo	YesNo
D116Q02	根据文章内容是否多吃肉类少吃蔬果就会增加癌症风险?	['是']	基础题	YesNo	YesNo
D116Q03	根据文章内容建议是吃素或吃肉来降低癌症发生率?	['吃素']	基础题	Misc	Single-Span-Extraction
D116Q04	文章中提到的动物性食品包含哪些?	['红肉、白肉或乳制品', '红肉、白肉与乳制品']	基础题	Object	Multi-Spans-Extraction
D116Q05	根据文章内容是否多吃蔬菜少吃肉会增加得到癌症的风险?	['否']	基础题	YesNo	YesNo
D116Q06	根据文章内容是否多吃蔬菜少吃肉会减低得到癌症的风险?	['是']	基础题	YesNo	YesNo
D116Q07	根据文章内容是否少吃蔬菜多吃肉会增加得到癌症的风险?	['是']	基础题	YesNo	YesNo
D116Q08	根据文章内容是否少吃蔬菜多吃肉会减低得到癌症的风险?	['否']	基础题	YesNo	YesNo
D116Q09	熬夜是否能减低得到癌症的风险?	['资讯不足无法判定']	进阶题	YesNo	YesNo
D117Q01	癌症有几期?	['四期', '4期']	进阶题	Num-Measure	Counting
D117Q02	癌症第几期确定不用化疗?	['第一期']	基础题	Num-Measure	Single-Span-Extraction
D117Q03	当同时在两个以上的器官发现癌细胞是第几期?	['第四期']	基础题	Num-Measure	Single-Span-Extraction
D117Q04	癌症分期是根据哪些原则来判断?	['肿瘤产生的部位、肿瘤的大小以及数目、淋巴结是否被侵入以及周边淋巴结被侵入的情形与远端转移的发生与否']	基础题	Misc	Multi-Spans-Extraction
D117Q05	是否发现肿瘤就是得到癌症?	['否']	进阶题	YesNo	YesNo
D117Q06	安宁照护通常是第几期癌症可以做的治疗?	['第四期']	基础题	Num-Measure	Single-Span-Extraction
D117Q07	目前的癌症分期方式是哪一种组织所订定的?	['美国癌症联合委员会（American Joint Committee on Cancer，AJCC）', '美国癌症联合委员会', 'American Joint Committee on Cancer', 'AJCC']	基础题	Organization	Single-Span-Extraction
D120Q01	新闻中车祸地点发生在于哪个城市？	['高雄']	基础题	Location	Single-Span-Extraction
D120Q04	事故的肇事者性别为何？	['男']	基础题	Person	Single-Span-Extraction
D120Q05	事故的肇事者今年几岁？	['41岁']	基础题	Date-Duration	Single-Span-Extraction
D120Q06	事故的肇事者开著什么颜色的车子？	['白色']	基础题	Object	Single-Span-Extraction
D120Q07	事故的受害者姓氏为何？	['方']	基础题	Misc	Single-Span-Extraction
D120Q08	事故的肇事者是否酒驾？	['否']	基础题	YesNo	YesNo
D127Q01	这起事故发生在哪个路段?(需完整的地理资讯)	['国道五号雪山隧道北向16公里处']	基础题	Location	Single-Span-Extraction
D127Q02	这起事故是否有人死亡?	['否']	进阶题	YesNo	YesNo
D127Q03	这起事故是由什么人向警方通报?	['首都客运司机']	基础题	Person	Single-Span-Extraction
D127Q04	哪一个单位前往事故现场处理?	['国警九大队头城分队', '国警九大队']	基础题	Organization	Single-Span-Extraction
D127Q06	这起事故是否发生于雪隧的北上路段?	['是']	进阶题	YesNo	YesNo
D127Q07	开车出门前要记得做哪些车辆检查以减少交通事故发生?	['油、水、电等机件功能及胎压、胎纹等状态']	进阶题	Object	Multi-Spans-Extraction
D138Q03	若要帮屠呦呦庆生，需哪一天举办?	['12月30日']	基础题	Date-Duration	Single-Span-Extraction
D138Q04	屠呦呦的名字典故出于哪一本古籍？	['《诗经》', '诗经']	基础题	Object	Single-Span-Extraction
D138Q05	屠呦呦籍贯哪里?	['浙江宁波']	基础题	Location	Single-Span-Extraction
D138Q06	屠呦呦幼年住在哪一位亲戚家中?	['舅舅']	基础题	Kinship	Single-Span-Extraction
D138Q07	屠呦呦的舅舅叫什么名字?	['姚庆三']	基础题	Person	Single-Span-Extraction
D138Q08	屠呦呦就读哪一所大学?	['北京大学']	基础题	Organization	Single-Span-Extraction
D160Q01	王母娘娘最早被称为什么?	['西母', '「西母」']	基础题	Person	Single-Span-Extraction
D160Q02	有关王母娘娘最早记载于哪里?	['卜辞']	基础题	Location	Single-Span-Extraction
D160Q03	王母娘娘在哪一本书中被描述为带来祸患的妖怪?	['山海经']	基础题	Object	Single-Span-Extraction
D160Q05	王母娘娘的生日是哪一天？	['农历三月初三']	基础题	Date-Duration	Single-Span-Extraction
D160Q06	王母娘娘是哪一个宗教的神祗?	['道教']	进阶题	Organization	Single-Span-Extraction
D160Q07	全台湾供奉尺寸最大王母娘娘金身是哪一间庙宇?	['仑敦古凤宫']	基础题	Location	Single-Span-Extraction
D160Q08	全台湾尺寸最大王母娘娘金身位于哪一个县市?	['花莲县']	基础题	Location	Single-Span-Extraction
D160Q09	全台湾尺寸最大王母娘娘金身有多高?	['八尺六吋']	基础题	Num-Measure	Single-Span-Extraction
D179Q01	波音747是哪一家公司制造的?	['美国波音民航机集团']	基础题	Organization	Single-Span-Extraction
D179Q02	波音747第一次载客是哪一年?	['1970年']	基础题	Date-Duration	Single-Span-Extraction
D179Q03	波音747有几部引擎?	['四部']	基础题	Num-Measure	Single-Span-Extraction
D179Q04	三级座舱设计的波音747客机的舱等是哪三个?	['经济，商务和头等舱']	基础题	Object	Multi-Spans-Extraction
D179Q05	三级座舱设计的波音747客机型号最大载客量是多少?	['416人']	基础题	Person	Single-Span-Extraction
D179Q07	哪一个型号的客机载客量最大?(本文中)	['双级舱']	进阶题	Object	Single-Span-Extraction
D181Q02	找到延长电灯泡发光时间的人是谁?	['约瑟夫·斯万']	基础题	Person	Single-Span-Extraction
D181Q03	能延长电灯泡寿命的发光材料是什么?	['碳化的纤维细丝']	基础题	Object	Single-Span-Extraction
D181Q04	最早发现电可做为光源的人是谁?	['亚历山卓·伏打']	基础题	Person	Single-Span-Extraction
D181Q05	将电灯泡量化生产的人是谁?	['爱迪生', '托马斯·爱迪生']	基础题	Person	Single-Span-Extraction
D181Q06	将电灯泡从实验室走向商业化的人是谁?	['爱迪生', '托马斯·爱迪生']	基础题	Person	Single-Span-Extraction
D182Q01	高屏地区国庆烟火预计何时测试施放？	['9月24号', '2019年9月24号', '9月24日', '2019年9月24日']	基础题	Date-Duration	Single-Span-Extraction
D182Q02	高屏地区国庆烟火预计在何地测试施放？	['屏东河滨公园']	基础题	Location	Single-Span-Extraction
D182Q03	高屏地区国庆烟火正式施放的日期是？	['10月10日', '2019年10月10日']	基础题	Date-Duration	Single-Span-Extraction
D182Q04	高屏地区国庆烟火预计要施放多少发以上？	['16000发以上', '16000发']	基础题	Num-Measure	Single-Span-Extraction
D182Q05	高屏地区国庆烟火预计要施放时间是多久？	['42分钟']	基础题	Date-Duration	Single-Span-Extraction
D182Q06	高屏地区国庆烟火试放日期是哪一天？	['9月24号', '2019年9月24号', '9月24日', '2019年9月24日']	基础题	Date-Duration	Single-Span-Extraction
D182Q07	高屏地区国庆烟火试放管制时间是从晚上几点开始？	['7时', '7点']	基础题	Date-Duration	Single-Span-Extraction
D183Q01	手枪星位于哪个星系之内?	['银河系']	基础题	Location	Single-Span-Extraction
D183Q02	手枪星发出的光度是太阳的几倍?	['160万倍']	基础题	Num-Measure	Single-Span-Extraction
D183Q03	手枪星的寿命有多长?	['300万年']	基础题	Date-Duration	Single-Span-Extraction
D183Q04	手枪星距离地球有多远?	['25,000光年']	基础题	Num-Measure	Single-Span-Extraction
D210Q01	克莱斯勒大厦位于哪两条街道的交叉口?	['曼哈顿东部42街与莱辛顿大道的交叉口', '曼哈顿东部42街与莱辛顿大道']	基础题	Location	Multi-Spans-Extraction
D210Q02	克莱斯勒大厦的拥有权是否为克莱斯勒汽车公司?	['否']	基础题	YesNo	YesNo
D210Q03	克莱斯勒大厦在美国纽约市的排名第几名?	['第三', '第3名', '第三名']	基础题	Num-Measure	Single-Span-Extraction
D210Q04	克莱斯勒大厦有多少高?	['1,046英尺（319公尺）', '1,046英尺', '319公尺']	基础题	Num-Measure	Single-Span-Extraction
D211Q01	克莱斯勒大厦于哪一年落成?	['1930年']	基础题	Date-Duration	Single-Span-Extraction
D211Q02	克莱斯勒大厦的设计者是谁?	['威廉‧凡艾伦']	基础题	Person	Single-Span-Extraction
D211Q05	克莱斯勒大厦起造的费用由谁出资?	['沃尔特·克莱斯勒']	基础题	Person	Single-Span-Extraction
D211Q04	1930年原本世界最高的建筑物是哪一栋摩天大楼?	['川普大楼']	进阶题	Location	Single-Span-Extraction
D211Q03	1929年世界最高的建筑物是哪一栋摩天大楼?	['川普大楼']	进阶题	Location	Single-Span-Extraction
D214Q01	华盛顿纪念碑是纪念哪一位美国总统?	['乔治·华盛顿']	基础题	Person	Single-Span-Extraction
D214Q02	华盛顿纪念碑位于美国哪一个行政区?	['华盛顿哥伦比亚特区']	基础题	Location	Single-Span-Extraction
D214Q03	华盛顿纪念碑高度是几公尺?	['169.3公尺']	基础题	Num-Measure	Single-Span-Extraction
D214Q04	华盛顿纪念碑落成于哪一年?	['1884年']	基础题	Date-Duration	Single-Span-Extraction
D214Q05	华盛顿纪念碑从通过建案到落成启用，历时多少年?	['51年']	进阶题	Date-Duration	Date-Duration
D214Q06	华盛顿纪念碑的英文全名是?	['Washington Monument']	基础题	Location	Single-Span-Extraction
D215Q01	杰佛逊纪念堂是纪念哪一位美国总统?	['汤玛斯·杰佛逊', '杰佛逊']	基础题	Person	Single-Span-Extraction
D215Q02	杰佛逊曾任美国第几任总统?	['第三任', '第三', '三']	基础题	Num-Measure	Single-Span-Extraction
D215Q03	杰佛逊纪念堂位于美国哪一个行政区?	['华盛顿哥伦比亚特区']	基础题	Location	Single-Span-Extraction
D215Q04	杰佛逊纪念堂落成于哪一年?	['1943年']	基础题	Date-Duration	Single-Span-Extraction
D215Q06	杰佛逊纪念堂的位置邻近哪一条河?	['波多马克河']	基础题	Location	Single-Span-Extraction
D215Q08	杰佛逊纪念堂的英文全名是?	['Thomas Jefferson Memorial']	基础题	Organization	Single-Span-Extraction
D215Q09	杰佛逊是哪一年出生的?	['1743年']	基础题	Date-Duration	Single-Span-Extraction
D215Q10	杰佛逊于哪一年逝世的?	['1826年']	基础题	Date-Duration	Single-Span-Extraction
D215Q11	杰佛逊享年几岁?	['83岁']	进阶题	Date-Duration	Date-Duration
D238Q01	三峡祖师庙历经几次建造?？	['三次']	进阶题	Num-Measure	Single-Span-Extraction
D238Q03	三峡祖师庙最早是由哪些姓氏家族共同合建？	['刘姓、陈姓、林姓、李姓、王姓、大杂姓及中庄杂姓', '刘姓、陈姓、林姓、李姓及王姓']	进阶题	Person	Multi-Spans-Extraction
D238Q04	三峡祖师庙中由福建安溪人供奉的神明，守护神为谁？	['清水祖师']	基础题	Person	Single-Span-Extraction
D238Q05	现今的三峡祖师庙祖师庙是何时重建？	['1947年']	进阶题	Date-Duration	Single-Span-Extraction
D238Q07	第三次的重建工作花费了多少年？	['49年']	进阶题	Date-Duration	Date-Duration
D238Q08	祖师庙位于台湾新北市的哪一个行政区?	['三峡']	基础题	Location	Single-Span-Extraction
D241Q01	世界上最大的教堂是哪一座?	['圣伯多禄大殿', 'Basilica Sancti Petri', 'Basilica di San Pietro in Vaticano', '圣彼得大教堂']	基础题	Location	Single-Span-Extraction
D241Q02	世界上最大的教堂位于哪里?	['梵蒂冈']	基础题	Location	Single-Span-Extraction
D241Q03	世界上最大的教堂建于哪一年?	['1506年至1626年', '1506年', '1626年']	基础题	Date-Duration	Single-Span-Extraction
D241Q05	世界上最大的教堂是哪一个宗教信仰的圣地?	['天主教']	基础题	Organization	Single-Span-Extraction
D241Q06	世界上最大的教堂的面积有多大?	['23,000平方米']	基础题	Num-Measure	Single-Span-Extraction
D241Q07	世界上最大的教堂高度是几公尺?	['138米']	基础题	Num-Measure	Single-Span-Extraction
D241Q08	世界上最大的教堂有哪些建筑师与艺术家的设计?	['多纳托·伯拉孟特、拉斐尔、米开朗基罗和小安东尼奥·达·桑加罗']	进阶题	Person	Multi-Spans-Extraction
D241Q09	世界上最大的教堂内部有哪些艺术家的大作?(本文中)	['多纳托·伯拉孟特、拉斐尔、米开朗基罗和小安东尼奥·达·桑加罗']	进阶题	Person	Multi-Spans-Extraction
D242Q01	相传被埋葬于圣彼得大教堂的十二位宗徒是哪一位?	['圣伯多禄']	基础题	Person	Single-Span-Extraction
D242Q02	圣伯多禄的遗骸于何时被发现?	['1939年']	基础题	Date-Duration	Single-Span-Extraction
D242Q03	罗马有四间特级宗座圣殿，分别是哪四所？	['圣若望拉特朗大殿、圣伯多禄大殿、圣母大殿和城外圣保禄大殿', '圣若望拉特朗大殿、圣伯多禄大殿、圣母大殿和圣保禄大殿']	进阶题	Location	Multi-Spans-Extraction
D242Q04	「教宗宝座」位于哪一座大殿?	['圣若望拉特朗大殿']	基础题	Location	Single-Span-Extraction
D242Q05	圣彼得大教堂位于哪一个国家境内?	['梵蒂冈']	基础题	Organization	Single-Span-Extraction
D242Q06	离教宗官邸最近的圣殿是哪一座?	['圣伯多禄大殿']	基础题	Location	Single-Span-Extraction
D243Q01	圣伯多禄大殿的面积有多大?	['23,000平方米']	基础题	Num-Measure	Single-Span-Extraction
D243Q02	圣伯多禄大殿至少可容纳几万人?	['60,000人', '六万人', '6万人']	基础题	Num-Measure	Single-Span-Extraction
D243Q03	圣伯多禄是谁的门徒?	['耶稣']	基础题	Person	Single-Span-Extraction
D243Q04	第一任罗马主教是谁?	['圣伯多禄（西门彼得）', '圣伯多禄', '西门彼得']	基础题	Person	Single-Span-Extraction
D243Q05	圣伯多禄大殿何时开始建造?(完整日期)	['1506年4月18日']	基础题	Date-Duration	Single-Span-Extraction
D243Q06	圣伯多禄大殿什么时候盖好?(完整日期)	['1626年11月18日']	基础题	Date-Duration	Single-Span-Extraction
D244Q01	老圣伯多禄大殿的建筑用地原本是什么用地?	['尼禄马车竞技场', '马车竞技场']	基础题	Location	Single-Span-Extraction
D244Q02	老圣伯多禄大殿的建筑外观是什么形状?	['拉丁十字形状', '十字形状', '十字', '拉丁十字']	基础题	Object	Single-Span-Extraction
D244Q03	老圣伯多禄大殿是哪一位罗马皇帝在位时建造的?	['君士坦丁大帝']	基础题	Person	Single-Span-Extraction
D244Q04	老圣伯多禄大殿的建筑风格是哪一种?	['典型罗马圣殿风格', '罗马圣殿风格']	基础题	Object	Single-Span-Extraction
D244Q05	老圣伯多禄大殿可容纳多少人?	['三千至四千', '三千至四千名信徒', '四千名信徒', '四千人']	基础题	Num-Measure	Single-Span-Extraction
D244Q06	老圣伯多禄大殿6世纪加盖可进入圣殿的入口有几个?	['5个']	基础题	Num-Measure	Single-Span-Extraction
D245Q01	圣伯多禄大殿于哪一年开始重建?	['1506年']	基础题	Date-Duration	Single-Span-Extraction
D245Q02	圣伯多禄大殿于哪一年完成重建工作?	['1626年']	基础题	Date-Duration	Single-Span-Extraction
D245Q03	圣伯多禄大殿前后花了多少年才完成重建工作?	['20年']	进阶题	Date-Duration	Date-Duration
D245Q04	圣伯多禄大殿的重建经手了几位设计总监?	['五位', '5位']	进阶题	Num-Measure	Counting
D245Q05	为何圣伯多禄大殿只能重建不能整修就好?	['']	申论	Event	Single-Span-Extraction
D246Q01	哈里发塔是哪个国家的摩天大楼？　	['阿拉伯联合大公国']	基础题	Organization	Single-Span-Extraction
D246Q02	哈里发塔位于哪一个城市？	['杜拜']	基础题	Location	Single-Span-Extraction
D246Q03	世界最高的大楼是哪一个?	['哈里发塔', '哈利法塔']	基础题	Location	Single-Span-Extraction
D246Q04	哈里发塔高度有多少公尺?	['828公尺']	基础题	Num-Measure	Single-Span-Extraction
D246Q05	哈里发塔总长度为何?	['828公尺']	基础题	Num-Measure	Single-Span-Extraction
D246Q06	哈里发塔有多少高?	['828公尺', '2,717英尺']	基础题	Num-Measure	Single-Span-Extraction
D246Q08	若哈里发塔每个楼层都一样高，一个楼层的高度是多少公尺？(四舍五入至小数第一位)	['4.9公尺']	进阶题	Num-Measure	Arithmetic-Operations
D246Q09	从开始动工到正式完工，哈里发塔总共用了多少年的时间才盖好？	['5年']	基础题	Date-Duration	Single-Span-Extraction
D247Q01	台北101大楼的总高度是多少?(以公尺作答)	['509.2公尺']	基础题	Num-Measure	Single-Span-Extraction
D247Q02	对世界摩天大楼高度排名做认证的组织是哪一个?(以中文作答)	['世界高层建筑与都市人居学会（CTBUH）', '世界高层建筑与都市人居学会']	基础题	Organization	Single-Span-Extraction
D247Q03	莫斯科电视塔高多少公尺?	['540公尺']	基础题	Num-Measure	Single-Span-Extraction
D247Q04	美国KVLY电视塔有多少公尺高?	['628.8公尺']	基础题	Num-Measure	Single-Span-Extraction
D247Q05	台北101高度是几公尺?	['509.2公尺']	基础题	Num-Measure	Single-Span-Extraction
D247Q06	莫斯科电视塔与美国KVLY电视塔，哪一个高？	['美国KVLY电视塔']	进阶题	Location	Single-Span-Extraction
D247Q07	莫斯科电视塔与美国KVLY电视塔，高度相差多少公尺？	['88.8公尺']	进阶题	Num-Measure	Arithmetic-Operations
D247Q08	从开始动工到正式完工，哈里发塔总共用了多少年的时间才盖好？(四舍五入至整数)	['6年']	进阶题	Date-Duration	Date-Duration
D247Q09	哈里发塔总高度是几英尺？	['828公尺', '828.2公尺']	进阶题	Num-Measure	Single-Span-Extraction
D248Q01	世界最快的电梯位于哪一栋大楼内?	['广州周大福金融中心', '周大福金融中心']	基础题	Location	Single-Span-Extraction
D248Q03	世界最快的电梯速度每秒钟可上升几公尺?	['21公尺']	进阶题	Num-Measure	Single-Span-Extraction
D248Q04	世界最快的电梯速度一分钟可上升几公尺?	['1260公尺']	进阶题	Num-Measure	Arithmetic-Operations
D248Q05	美国最高的建筑是哪一座?	['KVLY-TV天线塔']	基础题	Location	Single-Span-Extraction
D248Q06	波兰最高的建筑是哪一座?	['华沙电台广播塔']	进阶题	Location	Single-Span-Extraction
D248Q08	加拿大国家电视塔与美国KVLY-TV天线塔，哪一个高？	['美国KVLY天线塔', 'KVLY天线塔', 'KVLY-TV天线塔']	进阶题	Location	Single-Span-Extraction
D248Q09	加拿大国家电视塔与美国KVLY-TV天线塔，高度相差多少公尺？	['75.5公尺']	进阶题	Num-Measure	Arithmetic-Operations
D249Q01	哈里发塔的建筑风格是依据哪一个宗教信仰而设计的?	['伊斯兰教']	基础题	Organization	Single-Span-Extraction
D249Q02	哈里发塔是由哪些国家的建筑团队合作共同完工的?	['美国、韩国、中国、比利时与阿联']	进阶题	Organization	Multi-Spans-Extraction
D249Q03	哈里发塔的景观设计是由哪个设计团队开发的?	['美国SWA', 'SWA']	基础题	Organization	Single-Span-Extraction
D249Q04	哈里发塔的景观设施是由哪个公司进行施工?	['美国SWA', 'SWA']	基础题	Organization	Single-Span-Extraction
D249Q05	哈里发塔的总建筑师是谁?	['亚德里恩·史密斯']	基础题	Person	Single-Span-Extraction
D249Q06	哈里发塔的总建筑师来自哪个建筑团队?	['芝加哥建筑事务所SOM建筑设计事务所', 'SOM建筑设计事务所']	基础题	Organization	Single-Span-Extraction
D309Q01	2019年「协助单身及鼓励婚育租金补贴试办方案」补助的截止日期是哪一天?	['2019/9/27', '9月27日']	基础题	Date-Duration	Single-Span-Extraction
D309Q03	2019年「协助单身及鼓励婚育租金补贴试办方案」补助每月最低金额是多少?	['2,600元', '2600元']	进阶题	Num-Measure	Single-Span-Extraction
D309Q04	2019年「协助单身及鼓励婚育租金补贴试办方案」的洽询电话是多少??	['02-7709-8801']	基础题	Object	Single-Span-Extraction
D309Q05	2019年「协助单身及鼓励婚育租金补贴试办方案」有哪些方法可申请办理?	['临柜、邮寄及线上申请', '临柜、邮寄方式及线上申请', '临柜、邮寄及单身婚育租金补贴网站线上申请', '洽租赁所在地的地方政府申请办理、邮寄及线上申请', '洽租赁所在地的地方政府申请办理、邮寄方式及线上申请', '洽租赁所在地的地方政府申请办理、邮寄方式及单身婚育租金补贴网站线上申请']	进阶题	Misc	Multi-Spans-Extraction
D309Q06	2019年「协助单身及鼓励婚育租金补贴试办方案」有多少户的补助名额?	['2万4,000户']	基础题	Num-Measure	Single-Span-Extraction
D310Q01	台湾地区排名第一的死亡原因是什么?	['恶性肿瘤']	基础题	Object	Single-Span-Extraction
D310Q02	台湾地区排名前三名的死亡原因是哪些?	['恶性肿瘤、心脏疾病及肺炎']	进阶题	Object	Multi-Spans-Extraction
D310Q03	107年的统计资料显示国人平均寿命是几岁?	['80.63岁']	基础题	Date-Duration	Date-Duration
D310Q04	哪一种疾病对国人平均寿命影响最大?	['恶性肿瘤']	基础题	Object	Single-Span-Extraction
D310Q05	从民国几年开始癌症就位居国人死因的榜首?	['民国70年', '70年']	进阶题	Date-Duration	Date-Duration
D310Q06	从民国几年开始心脏疾病就位居国人死因的第二位?	['民国96年', '96年']	进阶题	Date-Duration	Date-Duration
D310Q07	从民国几年开始肺炎就位居国人死因的第三位?	['民国102年', '102年']	进阶题	Date-Duration	Single-Span-Extraction
D311Q01	这则新闻中的主角叫什么名字?(姓名)	['阮青河']	基础题	Person	Single-Span-Extraction
D311Q02	青河大学时代在哪一所学校念书? 	['越南河内国家大学', '河内国家大学']	基础题	Organization	Single-Span-Extraction
D311Q03	青河大学主修科系为何? 	['法文系']	基础题	Object	Single-Span-Extraction
D311Q04	青河的硕士学位在哪一个国家念的?	['越南']	基础题	Organization	Single-Span-Extraction
D311Q05	青河攻读硕士时，是读哪一所学校?	['国立成功大学', '成功大学']	基础题	Organization	Single-Span-Extraction
D311Q07	青河来到台湾已经多少年了?	['17年']	进阶题	Date-Duration	Date-Duration
D311Q09	青河目前的职业为何?	['越语讲师', '讲师']	基础题	Object	Single-Span-Extraction
D312Q01	台湾地区人口平均寿命从民国97年到107年，增加了几岁？	['2.1岁']	进阶题	Date-Duration	Date-Duration
D312Q02	台湾地区的男性平均寿命比女性少几岁?	['6.5岁']	进阶题	Date-Duration	Date-Duration
D312Q03	台湾地区的女性平均寿命比男性多几岁?	['6.5岁']	进阶题	Date-Duration	Date-Duration
D312Q04	台湾地区的平均寿命，是男性或女性比较长寿?	['女性', '女']	进阶题	Person	Single-Span-Extraction
D312Q05	全球女性最长寿的国家是哪一个?	['日本']	进阶题	Organization	Single-Span-Extraction
D312Q06	男性平均寿命最高的国家是哪一个?	['瑞士']	进阶题	Organization	Single-Span-Extraction
D312Q07	女性平均寿命最高的国家是哪一个?	['日本']	进阶题	Organization	Single-Span-Extraction
D312Q08	新加坡的平均寿命，是男性或女性比较长寿?	['女性', '女']	进阶题	Person	Comparing-Members
D312Q09	台南市市民的平均寿命是否比桃园市高?	['否']	进阶题	YesNo	YesNo
D313Q01	内政部消防署提出防范纵火方法「三从四得」，请问是哪「三从」?	['「从消除死角做起」、「从守望相助著手」和「从消除杂物动手」', '从消除死角做起、从守望相助著手和从消除杂物动手']	基础题	Misc	Multi-Spans-Extraction
D313Q02	内政部消防署提出防范纵火方法「三从四得」，请问是哪「四得」?	['「可疑状况要认得」、「大门上锁要记得」、「监视设备要舍得」和「灭火方法要晓得」', '可疑状况要认得、大门上锁要记得、监视设备要舍得和灭火方法要晓得']	基础题	Misc	Multi-Spans-Extraction
D313Q03	过去十年发生的汽机车纵火案中，是否机车发生的机率大于汽车？	['否']	进阶题	YesNo	YesNo
D313Q04	过去十年发生的汽机车纵火案中，是否机车发生的机率小于汽车？	['是']	进阶题	YesNo	YesNo
D313Q05	过去十年发生的汽机车纵火案中，是否汽车发生的机率大于机车？	['是']	进阶题	YesNo	YesNo
D313Q06	过去十年发生的汽机车纵火案中，是否汽车发生的机率小于机车？	['否']	进阶题	YesNo	YesNo
D314Q01	消防署提醒国人到户外游憩时要注意自身安全，特别是在哪两大地理环境要注意?	['山域与水域', '山与水域', '山与水']	基础题	Location	Multi-Spans-Extraction
D314Q02	根据消防署资料显示发生登山意外多发生在几岁到几岁的民众?	['50岁至59岁', '50至59岁']	基础题	Date-Duration	Single-Span-Extraction
D314Q04	戏水事故发生率最高的地点是哪里?	['「溪河」', '溪河']	进阶题	Location	Single-Span-Extraction
D314Q05	戏水事故发生率最高的时间是哪个季节?	['夏日', '夏']	基础题	Date-Duration	Single-Span-Extraction
D314Q06	戏水事故发生率最高的时段是否在晚上?	['否']	进阶题	YesNo	YesNo
D314Q07	戏水事故发生率最高的时段是否在白天?	['是']	进阶题	YesNo	YesNo
D314Q08	在国家公园发生登山的事故是否多于中级山域?	['否']	进阶题	YesNo	YesNo
D314Q09	在海边发生戏水意外的机率是否多于河边?	['否']	进阶题	YesNo	YesNo
D315Q01	「建研所」是什么组织的缩写?	['内政部建筑研究所']	基础题	Organization	Single-Span-Extraction
D315Q02	为减少地震来临时家具造成的人员伤亡，有哪些固定防护产品可施做？	['L型五金铁件、L型防震消能片、链条安全带、伸缩杆、垫片及矽利康(Silicon)', 'L型五金铁件、L型防震消能片、链条安全带、伸缩杆、垫片及矽利康', 'L型五金铁件、L型防震消能片、链条安全带、伸缩杆、垫片及Silicon']	进阶题	Object	Multi-Spans-Extraction
D315Q03	装有玻璃的家具要如何避免因地震倾倒时,发生玻璃破损可能造成的割伤?	['加贴防爆膜', '贴防爆膜']	基础题	Event	Single-Span-Extraction
D315Q04	地震中家具倾倒情形受到哪些因素影响?	['楼层、振幅及震度']	进阶题	Misc	Multi-Spans-Extraction
D315Q05	老旧建物在地震中因家具倾倒而造成的伤害是否远比新建物高?	['否']	进阶题	YesNo	YesNo
D315Q06	楼层高的建物在地震中因家具倾倒而造成的伤害是否远比楼层低的建物高?	['是']	进阶题	YesNo	YesNo
D315Q07	各种防震装置中排名第一的是L型五金，第二名是什么？	['L型防震消能片']	进阶题	Object	Single-Span-Extraction
D315Q08	「建研所」隶属于哪一个单位?	['内政部']	基础题	Organization	Single-Span-Extraction
D315Q09	「建研所」做了什么实验来测试坊间家具家电固定防护产品效果?	['振动台实验', '振动台']	基础题	Misc	Single-Span-Extraction
D318Q01	流行感冒盛行的季节是哪两季?	['夏季与冬季', '夏和冬']	进阶题	Date-Duration	Multi-Spans-Extraction
D318Q05	飞沫传染的安全距离是多少?	['1公尺以上']	基础题	Num-Measure	Single-Span-Extraction
D318Q06	今年流感病毒型别为何?	['A型H1N1']	基础题	Object	Single-Span-Extraction
D318Q07	如果家里有就读幼稚园的小朋友，可以什么时候开始接种流感疫苗？	['12月8日', '2019年12月8日']	进阶题	Date-Duration	Date-Duration
D318Q08	如果家里有就读２岁的小朋友，可以什么时候开始接种流感疫苗？	['12月8日', '2019年12月8日']	进阶题	Date-Duration	Date-Duration
D318Q09	如果家里有８０岁老人家，可以什么时候开始接种流感疫苗？	['12月8日', '2019年12月8日']	进阶题	Date-Duration	Date-Duration
D321Q01	世界卫生组织2019年7月18日宣布国际公共卫生紧急事件是因为什么疾病?	['伊波拉病毒感染疫情', '伊波拉病毒感染', '伊波拉病毒']	基础题	Object	Single-Span-Extraction
D321Q02	世界卫生组织2019年7月18日宣布国际公共卫生紧急事件是发生于哪一个国家?	['刚果民主共和国(DRC)', '刚果民主共和国', 'DRC']	基础题	Organization	Single-Span-Extraction
D321Q03	世界卫生组织表示有哪些因素造成刚果疫情持续升高?	['']	申论	Organization	Single-Span-Extraction
D321Q04	疾管署民众应遵守「二不一要」，请问「二不」是什么?	['']	申论	Kinship	Kinship
D322Q01	感染肠病毒会出现哪些症状?	['']	进阶题	Event	Multi-Spans-Extraction
D322Q03	全台在2019年九月的第二周已经有多少人因肠病毒而挂急诊?	['20,585人次', '20,585人', '20585人', '20585人次']	基础题	Num-Measure	Single-Span-Extraction
D322Q05	肠病毒的传染途径传染途径是接触感染还是空气传播或是两者皆有?	['两者皆有']	进阶题	Event	Single-Span-Extraction
D322Q06	在肠病毒型别中，最多病例是哪一型？	['肠病毒71型']	进阶题	Object	Single-Span-Extraction
D322Q07	要如何降低肠病毒的传播风险？	['']	申论	Kinship	Kinship
D322Q08	小明感染肠病毒后痊瘉一周后是否就不会再传染给别人了?	['否']	进阶题	YesNo	YesNo
D323Q01	兹卡病毒是否会经由体液传染?	['是']	进阶题	YesNo	YesNo
D251Q01	荆轲是哪一个朝代的人？	['战国末期', '战国']	基础题	Date-Duration	Single-Span-Extraction
D251Q02	荆轲在哪里唱了一首短歌与送行的朋友们诀别？	['易水河边']	基础题	Location	Single-Span-Extraction
D251Q03	秦舞阳是哪一国人？	['燕国']	基础题	Organization	Single-Span-Extraction
D251Q04	荆轲离别刺秦王发生在哪一个季节？	['秋天', '深秋', '秋']	基础题	Date-Duration	Single-Span-Extraction
D251Q05	前来易水河边送行的人们都穿什么颜色的衣服？	['白色', '白']	基础题	Object	Single-Span-Extraction
D251Q06	文中提及，荆轲的好友为谁？	['高渐离']	基础题	Person	Single-Span-Extraction
D251Q07	高渐离用什么乐器击出音调高亢的乐曲，音乐带著生离死别的哀伤？	['筑']	基础题	Object	Single-Span-Extraction
D251Q08	荆轲在这场送别中，是否感到非常哀伤绝望，痛哭流涕？	['否']	进阶题	YesNo	YesNo
D251Q09	荆轲与秦舞阳用何种交通工具前往秦国？	['马']	基础题	Object	Single-Span-Extraction
D252Q01	赖东进家中共有几名小孩？	['12个']	基础题	Num-Measure	Single-Span-Extraction
D252Q02	赖东进家中有几名身障人士？	['3名']	进阶题	Num-Measure	Counting
D252Q03	赖东进父母是否健在？	['是']	进阶题	YesNo	YesNo
D252Q04	赖东进是否有哥哥姐姐？	['否']	进阶题	YesNo	YesNo
D252Q05	赖东进在几岁以前一家人四处流浪居无定所？	['10岁']	基础题	Date-Duration	Single-Span-Extraction
D252Q06	赖东进家中重度智障的成员有几名？	['2名']	进阶题	Num-Measure	Counting
D252Q07	赖东进的父亲在夜市里弹著哪种乐器，自弹自唱？	['月琴']	基础题	Object	Single-Span-Extraction
D252Q08	赖东进是否在小学六年期间品学兼优，得奖不断？	['是']	进阶题	YesNo	YesNo
D252Q09	赖东进国中毕业之后是否立刻投入职场全职工作？	['否']	进阶题	YesNo	YesNo
D252Q10	赖东进在民国88年获得什么奖项？	['十大杰出青年']	基础题	Object	Single-Span-Extraction
D252Q11	赖东进在哪一年获得十大杰出青年的殊荣？	['民国八十八年']	基础题	Date-Duration	Single-Span-Extraction
D253Q01	伽利略在西元哪一年以自己的科学知识为基础, 弄懂了制作望远镜的原理后,马上动手造了一架望远镜？	['西元1069年', '西元一六O九年']	基础题	Date-Duration	Single-Span-Extraction
D253Q02	伽利略的望远镜可以把东西放大多少倍？	['一千倍']	基础题	Num-Measure	Single-Span-Extraction
D253Q03	伽利略的望远镜可以把东西拉近多少倍？	['三十倍']	基础题	Num-Measure	Single-Span-Extraction
D253Q04	伽利略透过望远镜发现月球的表面光滑圆润，是否正确？	['否']	进阶题	YesNo	YesNo
D253Q05	伽利略透过望远镜发现月球了无生机，是否正确？	['否']	进阶题	YesNo	YesNo
D253Q06	伽利略透过望远镜发现银河是由无数的什么所组成的？	['星球']	基础题	Object	Single-Span-Extraction
D253Q07	伽利略是否同意学者哥白尼的论点？	['是']	进阶题	YesNo	YesNo
D253Q08	学者哥白尼是哪一国人？	['波兰']	基础题	Organization	Single-Span-Extraction
D253Q09	哥白尼提出的论点：太阳静止不动,地球与行星围绕太阳运转为何种学说？	['地动说', '「地动说」']	基础题	Object	Single-Span-Extraction
D253Q10	伽利略写了一本书，以生动的方式向大众介绍望远镜，书名为？	['星星的使者']	基础题	Object	Single-Span-Extraction
D253Q11	伽利略用亲身观察的方式去理解「上帝创造的自然」,让哪个宗教教会惶恐不安？	['天主教']	基础题	Organization	Single-Span-Extraction
D253Q12	教皇下令伽利略到哪个地方接受宗教法庭的审判？	['罗马']	基础题	Location	Single-Span-Extraction
D254Q01	杨震出生于哪个朝代？	['东汉']	基础题	Date-Duration	Single-Span-Extraction
D254Q02	杨震去山东的哪里就任太守？	['东莱']	基础题	Location	Single-Span-Extraction
D254Q03	杨震去山东的东莱就职什么职务？	['太守']	基础题	Organization	Single-Span-Extraction
D254Q04	昌邑县的县令是谁？	['王密']	基础题	Person	Single-Span-Extraction
D254Q05	王密为答谢杨震曾经提拔他，半夜里带著什么求见杨震感谢他？	['十斤黄金', '黄金']	基础题	Object	Single-Span-Extraction
D254Q06	后人因敬佩杨震廉洁的美德，特地盖了什么来表彰他？	['四知堂', '「四知堂」']	基础题	Object	Single-Span-Extraction
D255Q01	汤姆历险记完成于西元几年？	['西元1876年', '西元一八七六年']	基础题	Date-Duration	Single-Span-Extraction
D255Q02	汤姆历险记是以哪一个国家的小镇为背景写的？	['美国']	基础题	Organization	Single-Span-Extraction
D255Q03	作者于文中提及对汤姆历险记最有印象的是哪一章？	['汤姆刷围墙']	基础题	Object	Single-Span-Extraction
D255Q04	汤姆除了和弟弟以外还和谁一起住？	['波莉姨妈']	基础题	Person	Single-Span-Extraction
D255Q05	汤姆是否有手足？	['是']	进阶题	YesNo	YesNo
D255Q06	汤姆的好朋友是谁？	['哈克']	基础题	Person	Single-Span-Extraction
D255Q07	汤姆是否目击了凶杀案？	['是']	进阶题	YesNo	YesNo
D255Q08	除了汤姆以外还有谁目击了凶杀案？	['哈克']	基础题	Person	Single-Span-Extraction
D255Q09	汤姆和谁在山洞迷路了？	['蓓姬']	基础题	Person	Single-Span-Extraction
D255Q10	波莉在亲属关系中是汤姆的什么人？	['姨妈']	基础题	Kinship	Kinship
D255Q11	汤姆在深山迷路了几天几夜？	['三天三夜']	基础题	Date-Duration	Single-Span-Extraction
D255Q12	哈克的爸爸对什么诱惑无法抵挡？	['酒']	基础题	Object	Single-Span-Extraction
D255Q13	汤姆历险记是描写美国南部哪一个河边的小镇为背景的故事？	['密西西比河']	基础题	Location	Single-Span-Extraction
D255Q14	汤姆和蓓姬在山洞迷路的时候是否有食物吃？	['是']	进阶题	YesNo	YesNo
D256Q01	文中提及讲究时间和效率的是哪一国人？	['美国']	基础题	Organization	Single-Span-Extraction
D256Q02	美国人最典型的饮食是什么？	['速食', '\n热狗', '汉堡', '甜甜圈', '热狗、汉堡和甜甜圈']	基础题	Object	Multi-Spans-Extraction
D256Q03	文中提及法国人最爱吃什么？每人平均每年要消费20公斤	['乳酪']	基础题	Object	Single-Span-Extraction
D256Q04	每到深秋时节，韩国人家家户户最重要的大事便是腌制何种食物？	['泡菜']	基础题	Object	Single-Span-Extraction
D256Q05	韩国人都是在什么季节腌制泡菜？	['秋天', '深秋', '秋']	基础题	Date-Duration	Single-Span-Extraction
D256Q06	哪一个国家的民族最讲究礼节？	['日本']	基础题	Organization	Single-Span-Extraction
D256Q07	泰国人认为身体的哪个部位是最高贵的，外人不能随便触摸？	['头颅', '头']	基础题	Object	Single-Span-Extraction
D256Q08	文中提及理发师在为顾客理发前还得先说声对不起的是哪一国的习俗？	['泰国']	基础题	Organization	Single-Span-Extraction
D257Q01	张大千是否喜爱动物呢?	['是']	进阶题	YesNo	YesNo
D257Q02	八十三岁的张大千历时一年半挑战一百八十公分高，十公尺又八公分长的绢画是哪一幅？	['庐山图']	基础题	Object	Single-Span-Extraction
D257Q03	八十三岁的张大千在画庐山图的时候是否神清气爽轻松的完成？	['否']	进阶题	YesNo	YesNo
D257Q04	张大千早年远赴何地临摹佛窟壁画？	['敦煌']	基础题	Location	Single-Span-Extraction
D257Q05	张大千将西方何种绘画风格的优点融入国画里，开创出独特的泼墨、泼彩手法？	['抽象画']	基础题	Object	Single-Span-Extraction
D257Q06	庐山图的尺寸高为多少？	['一百八十公分']	基础题	Num-Measure	Single-Span-Extraction
D257Q07	庐山图的尺寸长为多少？	['十公尺又八十公分']	基础题	Num-Measure	Single-Span-Extraction
D259Q01	阿姆斯壮、艾德林、柯林斯这三个人，是第一批登陆什么星球的太空英雄？	['月球']	基础题	Object	Single-Span-Extraction
D259Q02	第一批登陆月球的太空英雄是阿姆斯壮、艾德林和哪一位？	['柯林斯']	基础题	Person	Single-Span-Extraction
D259Q03	第一批登陆月球的太空英雄是阿姆斯壮、柯林斯和哪一位？	['艾德林']	基础题	Person	Single-Span-Extraction
D259Q04	登陆月球的交通工具为何？	['太空船']	基础题	Object	Single-Span-Extraction
D259Q05	登陆月球的太空英雄在太空飞行了几天才降落在月球上？	['5天']	基础题	Date-Duration	Single-Span-Extraction
D259Q06	第一个踏上月球表面的是哪一位太空英雄？	['阿姆斯壮']	基础题	Person	Single-Span-Extraction
D259Q07	「对我个人来说，这是一小步；但是，对人类来说，这是一大步。」是谁说的？	['阿姆斯壮']	基础题	Person	Single-Span-Extraction
D259Q08	阿姆斯壮和艾德林用什么仪器把他们在月球上活动的情形，传回地面？	['电视摄影机']	基础题	Object	Single-Span-Extraction
D259Q09	阿姆斯壮和艾德林用电视摄影机，把他们在月球上活动的情形，传回地面；同时，也收集月球上的什么东西，要带回地球供科学家分析研究？	['岩石']	基础题	Object	Single-Span-Extraction
D259Q10	谁负责驾驶太空船？	['柯林斯']	基础题	Person	Single-Span-Extraction
D259Q11	月球的颜色在太空中看起来是否一直都是黄色的？	['否']	进阶题	YesNo	YesNo
D260Q01	于伯伯在十几岁的时候和家人在逃难中分散了，只好一个人随国军到了哪里避难？	['台湾']	基础题	Location	Single-Span-Extraction
D260Q02	于伯伯是否有念大学？	['是']	基础题	YesNo	YesNo
D260Q03	于伯伯在学期间是否半工半读？	['是']	基础题	YesNo	YesNo
D260Q04	于伯伯是否有儿女？	['是']	基础题	YesNo	YesNo
D260Q05	于姐姐暑假申请到了奖学金要去哪里留学？	['美国']	基础题	Location	Single-Span-Extraction
D260Q06	于伯伯等了四十几年，终于可以回大陆哪里探亲了？	['南京']	基础题	Date-Duration	Single-Span-Extraction
D261Q01	小昌想要在什么日子把两年来存到的零用钱买礼物送妈妈？	['母亲节']	基础题	Date-Duration	Single-Span-Extraction
D261Q02	小昌在母亲节这天打算把存了多久的零用钱拿来买礼物送妈妈？	['两年']	基础题	Date-Duration	Single-Span-Extraction
D261Q03	小昌每天会得到多少零用钱？	['一块钱']	基础题	Num-Measure	Single-Span-Extraction
D261Q04	小昌每天的零用钱是谁给的？	['母亲']	基础题	Person	Single-Span-Extraction
D261Q05	小昌把每天得到的零用钱存在哪里？	['铁罐']	基础题	Location	Single-Span-Extraction
D261Q06	小昌的母亲跟隔壁吴伯伯借了多少钱打昂贵的补针？	['五百元']	基础题	Num-Measure	Single-Span-Extraction
D261Q07	吴伯伯的家人小芬因什么病需要住院开刀？	['盲肠炎']	基础题	Object	Single-Span-Extraction
D263Q01	纣王出生于哪一个朝代？	['商朝', '商']	基础题	Date-Duration	Single-Span-Extraction
D263Q02	因为纣王暴虐，导致哪一位决心出兵讨伐暴君？	['周武王']	基础题	Person	Single-Span-Extraction
D263Q03	周武王的军师为谁？	['吕尚', '姜太公']	基础题	Person	Single-Span-Extraction
D263Q04	吕尚的姓氏为何？	['姜']	基础题	Misc	Single-Span-Extraction
D263Q05	常常规谏商纣王且最后被杀了的叔父是谁？	['比干']	基础题	Person	Single-Span-Extraction
D263Q06	常常规谏商纣王且最后被关起来的叔父是谁？	['箕子']	基础题	Person	Single-Span-Extraction
D263Q07	比干有位当君王的侄子是谁？	['纣王', '商纣王']	基础题	Person	Single-Span-Extraction
D263Q08	纣王看见农民赤脚涉水，就下令抓来剖开农民的哪个部位加以研究？	['足胫']	基础题	Object	Single-Span-Extraction
D263Q09	纣王是否对于老百姓在私下讨论他感到非常愉悦？	['否']	进阶题	YesNo	YesNo
D264Q01	史怀哲的职业为何？	['医生']	基础题	Object	Single-Span-Extraction
D264Q02	史怀哲是哪一国人？	['德国']	基础题	Organization	Single-Span-Extraction
D264Q03	史怀哲从学校毕业后，是便到哪个荒凉的国家去创建医院？	['非洲']	基础题	Organization	Single-Span-Extraction
D264Q04	一直到史怀哲去世为止，共有五十年的光阴奉献给非洲，当地人尊称他为何？	['父亲']	基础题	Kinship	Single-Span-Extraction
D264Q05	史怀哲小时候和同伴比赛什么而让他注意到，并非每个人都和他一样衣食无缺？	['角力']	基础题	Object	Single-Span-Extraction
D264Q06	史怀哲和同学到溪边钓鱼用什么当作鱼饵，导致他再也不跟同学们钓鱼？	['蚯蚓']	基础题	Object	Single-Span-Extraction
D266Q01	作者的舅父在欧洲旅游，对哪个城市印象最深刻？	['罗马']	基础题	Location	Single-Span-Extraction
D266Q02	罗马的历史已经超过多少年了？	['三千年']	基础题	Date-Duration	Date-Duration
D266Q03	文中提及罗马最雄伟的教堂为哪一个？	['圣彼得大教堂']	基础题	Location	Single-Span-Extraction
D266Q04	义大利的首都为何？	['罗马']	基础题	Location	Single-Span-Extraction
D266Q05	去罗马旅游的时候在中午是否有店家开门？	['否']	进阶题	YesNo	YesNo
D266Q06	世界上最小的国家为何？	['梵蒂冈']	基础题	Organization	Single-Span-Extraction
D266Q07	世界上天主教的中心在哪？	['梵蒂冈']	基础题	Location	Single-Span-Extraction
D266Q08	梵蒂冈这个国家占地虽小，但人口众多，是否正确？	['否']	进阶题	YesNo	YesNo
D267Q01	万里长城的头位在哪一省？	['河北省']	基础题	Location	Single-Span-Extraction
D267Q02	万里长城位于大陆的东西南北哪一个方向？	['北']	基础题	Location	Single-Span-Extraction
D267Q03	万里长城面对著哪一片海？	['渤海']	基础题	Location	Single-Span-Extraction
D267Q04	万里长城的尾巴在哪一省？	['甘肃省']	基础题	Location	Single-Span-Extraction
D267Q05	嘉裕关是否是万里长城的头？	['否']	基础题	YesNo	YesNo
D267Q06	万里长城每隔多远会有一座方形的堡垒？	['三十六丈']	基础题	Num-Measure	Single-Span-Extraction
D267Q07	万里长城最早期是出现在哪一个朝代？	['战国时代']	基础题	Date-Duration	Date-Duration
D268Q01	汉武帝为了攻打哪一个外族，想联合西域的月氏？	['匈奴']	基础题	Organization	Single-Span-Extraction
D268Q02	汉武帝为了攻打匈奴，想联合西域的哪一个外族？	['月氏']	基础题	Organization	Single-Span-Extraction
D268Q03	张骞家住在哪一省？	['陕西省']	基础题	Location	Single-Span-Extraction
D268Q04	张骞在哪一年带了部下一百多人上路前往月氏传旨？	['武帝建元三年']	基础题	Date-Duration	Single-Span-Extraction
D268Q05	张骞前往西域路上的向导叫什么名字？	['甘父']	基础题	Person	Single-Span-Extraction
D268Q06	张骞前往月氏的路上是否一路顺遂平安？	['否']	基础题	YesNo	YesNo
D268Q07	张骞一行人在前往西域的路上被哪一族人俘虏？	['匈奴']	基础题	Organization	Single-Span-Extraction
D268Q08	张骞在哪一年带著部属前往乌孙国联合，打算夹击匈奴？	['武帝元狩四年']	基础题	Date-Duration	Single-Span-Extraction
D268Q09	在张骞通西域的两次路程中，中国的哪些物品传到了西域外族促成中西文化的交流？	['丝绸、漆、玉和铜']	基础题	Object	Multi-Spans-Extraction
D268Q10	在张骞通西域的两次路程中，西域的音乐和什么传到了中土，促成中西文化的交流？	['葡萄、音乐和美术']	基础题	Object	Multi-Spans-Extraction
D269Q01	毕业旅行的地点投票到最后较多人投的是淡水和哪里？	['冬山河']	基础题	Location	Single-Span-Extraction
D269Q02	主张到淡水并介绍环境的同学是哪一位？	['余智慧']	基础题	Person	Single-Span-Extraction
D269Q03	主张到冬山河并介绍环境的同学是哪一位？	['汪成文']	基础题	Person	Single-Span-Extraction
D269Q04	余智慧介绍去淡水可以远眺哪一座山？	['观音山']	基础题	Location	Single-Span-Extraction
D269Q05	余智慧介绍去淡水可以探访哪一座三百年历史的古迹？	['红毛城']	基础题	Location	Single-Span-Extraction
D269Q06	汪成文提及哪一年冬山河完成了清水大闸门，防止海水倒灌？	['民国七十一年']	基础题	Date-Duration	Single-Span-Extraction
D269Q07	在哪一年，冬山河开放了亲水公园，每到假日都有不少游客慕名而来？	['尤其民国八十一年', '民国八十一年']	基础题	Date-Duration	Single-Span-Extraction
D269Q08	在冬山河亲水公园里是否可以划船？	['是']	基础题	YesNo	YesNo
D269Q09	汪成文介绍倘若毕业旅行选在端午节去冬山河，可以看到什么竞赛？	['龙舟竞赛']	基础题	Event	Single-Span-Extraction
D270Q01	纵贯台湾的山脉是什么山？	['中央山脉']	进阶题	Location	Single-Span-Extraction
D270Q02	台湾的形状是否为一个南北短、东西宽的的宝岛？	['否']	基础题	YesNo	YesNo
D270Q03	民国哪一年，在行政院的策划下，举行了东西横贯公路的开工典礼？	['民国四十五年']	基础题	Date-Duration	Single-Span-Extraction
D270Q04	参加修筑中部横贯公路的人员，是否都为现役的国军官兵？	['否']	基础题	YesNo	YesNo
D270Q05	中部横贯公路修建完成，对台湾哪一区的交通带来便利？	['台湾东部']	基础题	Location	Single-Span-Extraction
D270Q06	中部横贯公路的主线，是由台中的哪一个镇入山？	['东势镇']	基础题	Location	Single-Span-Extraction
D270Q07	中部横贯公路的主线经关原、天祥到太鲁阁，最后和哪一个公路衔接？	['苏花公路']	基础题	Location	Single-Span-Extraction
D270Q08	中部横贯公路的全长为多少公里？	['三百四十八公里']	基础题	Num-Measure	Single-Span-Extraction
D270Q09	中部横贯公路全长348公里，是否沿途各地荒凉贫瘠？	['否']	基础题	YesNo	YesNo
D270Q10	中部横贯公路沿途各地还有很多矿产，其中是否有云母石的矿地？	['是']	基础题	YesNo	YesNo
D270Q11	中部横贯公路沿线，代表我国民族精神的几项建筑，如文天祥像、岳王亭、孟母亭、慈母亭和慈母桥，在民国哪一年全部完工？	['民国五十六年']	基础题	Date-Duration	Single-Span-Extraction
D270Q12	是否可以在中部横贯公路沿线看到文天祥像？	['是']	基础题	YesNo	YesNo
D271Q01	曾文水库位于台湾南部的哪条溪流上游？	['曾文溪']	基础题	Location	Single-Span-Extraction
D271Q02	曾文水库是否比石门水库小？	['否']	进阶题	YesNo	YesNo
D271Q03	曾文水库的储水量为多少？	['七亿立方公尺']	基础题	Num-Measure	Single-Span-Extraction
D271Q04	曾文水库的灌溉范围，从台南县到北部的哪一县市皆可受到他灌溉的利益？	['嘉义县']	基础题	Location	Single-Span-Extraction
D271Q05	曾文水库除了灌溉、防洪功能，还有什么功能？	['发电']	进阶题	Object	Single-Span-Extraction
D271Q06	曾文水库于民国几年完成的？	['民国六十二年']	基础题	Date-Duration	Single-Span-Extraction
D272Q01	文中提及，表现中国书法的特点是用什么笔？	['毛笔']	基础题	Object	Single-Span-Extraction
D272Q02	用于适应现代光面的纸张，是用什么笔？	['钢笔']	基础题	Object	Single-Span-Extraction
D272Q03	文中提及，可以随时擦掉修改的是什么笔？	['铅笔']	基础题	Object	Single-Span-Extraction
D272Q04	文中提及，方便携带又书写流利的是什么笔？	['原子笔']	基础题	Object	Single-Span-Extraction
D272Q05	毛笔、钢笔、原子笔、铅笔，这四种当中谁的历史最悠久？	['毛笔']	进阶题	Object	Single-Span-Extraction
D272Q06	钢笔的笔尖是用什么制成？	['金属']	基础题	Object	Single-Span-Extraction
D272Q07	铅笔之所以可以在写错字时擦去修改是因为笔的另一端有加什么？	['橡皮']	基础题	Object	Single-Span-Extraction
D272Q08	原子笔的笔尖是用什么代替，让字体写起来滑润而流利？	['细小的钢珠', '钢珠']	基础题	Object	Single-Span-Extraction
D272Q09	毛笔、铅笔、钢笔，这三种笔中哪个笔尖的硬度高？	['无法判别']	进阶题	Object	Single-Span-Extraction
D273Q01	绿蚁龟一生都在大海中生活，除了在什么情况下会上岸？	['产卵']	基础题	Event	Single-Span-Extraction
D273Q02	绿蚁龟不管在海里还是陆地是否身手都很矫健？	['否']	进阶题	YesNo	YesNo
D273Q03	绿蚁龟都在什么季节夜晚上岸产卵？	['夏季', '夏']	基础题	Date-Duration	Single-Span-Extraction
D273Q04	文中提及，现在除了澎湖的哪个岛屿以外，很难定期看到绿蚁龟的踪影？	['望安岛']	基础题	Location	Single-Span-Extraction
D273Q05	绿蚁龟产卵的孵化期是否大约三十多天？	['否']	基础题	YesNo	YesNo
D273Q06	小龟们自然孵化完成后，是否是单独各自爬出洞穴，利用海面光线的导引爬向大海？	['否']	基础题	YesNo	YesNo
D273Q07	绿蚁龟是否为生性害羞的动物？	['是']	基础题	YesNo	YesNo
D273Q08	绿蚁龟是否一次只能产一个卵？	['否']	基础题	YesNo	YesNo
D274Q01	王昌龄是哪一个朝代的诗人？	['唐']	进阶题	Date-Duration	Single-Span-Extraction
D274Q02	王昌龄、高适、王之涣三个人的职业是什么？	['诗人']	基础题	Object	Single-Span-Extraction
D274Q03	王昌龄、高适、王之涣三位是唐朝诗人的哪一派别？	['边塞派']	基础题	Organization	Single-Span-Extraction
D274Q04	在旗亭唱曲宴乐的三位女子先唱了三位诗人中谁的作品？	['王昌龄']	基础题	Person	Single-Span-Extraction
D274Q05	在旗亭唱曲宴乐的三位女子中是否有人唱王之涣的作品？	['是']	进阶题	YesNo	YesNo
D274Q06	在旗亭唱曲宴乐中最美的女子唱的是王之涣的哪个作品？	['凉州词']	进阶题	Object	Single-Span-Extraction
D274Q07	梁州词是近体师的哪一种格式？	['七言绝句']	进阶题	Object	Single-Span-Extraction
D274Q08	在凉州词中，描述著驻守在边城将士思念家园的相情，羌笛何必再吹起哪一首引人离绪的曲子，让人更增添无限的悲愁？	['「折杨柳」', '折杨柳']	进阶题	Object	Single-Span-Extraction
D275Q01	曹操出生于哪个朝代？	['东汉']	基础题	Date-Duration	Single-Span-Extraction
D275Q02	刘备的军师为谁？	['诸葛孔明']	基础题	Person	Single-Span-Extraction
D275Q03	周瑜是哪一国的人？	['吴国']	基础题	Organization	Single-Span-Extraction
D275Q04	在广阔的江面交兵，孔明认为该先用何种方式攻击？	['弓箭']	基础题	Object	Single-Span-Extraction
D275Q05	周瑜常听鲁肃称赞孔明足智多谋，是否早已景仰多年，得知要见面了内心非常喜悦？	['否']	基础题	YesNo	YesNo
D275Q06	周瑜要求诸葛先生制造多少枝箭备战？	['十万枝箭']	基础题	Num-Measure	Single-Span-Extraction
D275Q08	孔明答应周瑜几天内可制造10万支箭备战？	['三天']	基础题	Date-Duration	Single-Span-Extraction
D275Q09	孔明要求鲁肃提供多少艘战船与多少名军士？	['20艘战船与30名军士']	基础题	Num-Measure	Multi-Spans-Extraction
D275Q10	诸葛先生是否在第一天就出动预备好的20艘战船？	['否']	进阶题	YesNo	YesNo
D275Q11	曹操听说敌人深夜进攻，是否立即下令反击开战？	['否']	进阶题	YesNo	YesNo
D276Q01	美国的国花为山楂花又称为什么花？	['五月花']	基础题	Object	Single-Span-Extraction
D276Q02	美国的国花为何？	['山楂花', '五月花']	基础题	Object	Single-Span-Extraction
D276Q03	当年美国的祖先到美洲开荒所乘的船，叫什么名字？	['五月花号']	基础题	Object	Single-Span-Extraction
D276Q04	法国的国花为何？	['百合花']	基础题	Object	Single-Span-Extraction
D276Q05	法国的国花象征吉利是因为古代曾有勇士，每次都拿著几朵百合花的盾牌上阵而胜利？	['三朵']	基础题	Num-Measure	Single-Span-Extraction
D276Q06	日本的国花为何？	['樱花']	基础题	Object	Single-Span-Extraction
D276Q07	土耳其的国花为何？	['康乃馨']	基础题	Object	Single-Span-Extraction
D276Q08	希腊的国花为何？	['橄榄花']	基础题	Object	Single-Span-Extraction
D276Q09	埃及的国花为何？	['睡莲']	基础题	Object	Single-Span-Extraction
D276Q10	英国的国花为何？	['蔷薇']	基础题	Object	Single-Span-Extraction
D276Q11	中华民国清朝以前的国花为何？	['牡丹']	基础题	Object	Single-Span-Extraction
D276Q12	中华民国在奠都南京之后，国花改为哪一种花？	['梅花']	基础题	Object	Single-Span-Extraction
D276Q13	梅花是在民国几年成为中华民国的国花？	['民国十七年']	基础题	Date-Duration	Single-Span-Extraction
D276Q14	梅花花朵有几瓣？	['五瓣']	基础题	Num-Measure	Single-Span-Extraction
D278Q01	是谁治平了洪水大患受到人民的爱戴，建立了夏朝？	['大禹']	基础题	Person	Single-Span-Extraction
D278Q02	夏朝的哪一位皇帝喜欢玩乐，长期外出打猎，并请后羿做宰相？	['相']	进阶题	Person	Single-Span-Extraction
D278Q03	夏朝帝相时的宰相是谁？	['后羿']	基础题	Person	Single-Span-Extraction
D278Q04	后羿得到天下后依然天天去射箭打猎，把国家大事交给了他的宠臣为谁？	['寒浞']	基础题	Person	Single-Span-Extraction
D278Q05	寒浞杀了夏朝的哪两位君王？	['相和后羿']	进阶题	Person	Multi-Spans-Extraction
D278Q06	帝相的皇后是哪一国国王的女儿？	['仍国']	基础题	Organization	Single-Span-Extraction
D278Q07	帝相是否有子女？	['是']	基础题	YesNo	YesNo
D278Q08	少康的父亲为谁？	['相']	进阶题	Person	Single-Span-Extraction
D278Q09	帝相的儿子叫什么名字？	['少康']	进阶题	Person	Single-Span-Extraction
D278Q10	少康长大后被寒浞追赶，逃亡到哪个国家？	['有虞国']	基础题	Organization	Single-Span-Extraction
D278Q11	有虞国的国王把那一块地送给了少康？	['纶']	基础题	Location	Single-Span-Extraction
D278Q12	少康是否有成家？	['是']	进阶题	YesNo	YesNo
D278Q13	少康辛苦经营了多少年，终能一举把寒浞灭掉，恢复了夏朝？	['四十年']	基础题	Date-Duration	Single-Span-Extraction
D281Q01	「天无三日晴，地无三里平，人无三两银。」是哪一个地区的谚语？	['贵州']	基础题	Location	Single-Span-Extraction
D281Q02	文中提及，贵州是否是个降雨量少且生活穷困的地方？	['否']	基础题	YesNo	YesNo
D281Q03	黄果树大瀑布在中国的哪一省？	['贵州']	基础题	Location	Single-Span-Extraction
D281Q04	文中提及，在西北大漠，寸草不生的是哪个地方？	['火燄山']	基础题	Location	Single-Span-Extraction
D281Q05	文中提及，盛产葡萄的是在西北大漠的哪里？	['吐鲁番']	基础题	Location	Single-Span-Extraction
D281Q06	西北大漠的气候是否整天皆气候宜人，温差甚小？	['否']	基础题	YesNo	YesNo
D281Q07	文中提及，做人不能忘本，要能心存感激，饮水思源的谚语是哪一句？	['「吃米饭拜锄头，吃果子拜树头」', '吃米饭拜锄头，吃果子拜树头']	基础题	Misc	Single-Span-Extraction
D281Q08	文中提及的一句古时候谚语说：「只有上不去的天，没有过不去的山。」代表什么意思，请用四字说明？	['有志竟成']	基础题	Misc	Single-Span-Extraction
D282Q01	文中提及从台北坐飞机到澎湖需费时多久？	['四十五分钟']	基础题	Date-Duration	Single-Span-Extraction
D282Q02	澎湖是否为一个孤零零的海岛？	['否']	进阶题	YesNo	YesNo
D282Q03	小真的外婆是否住在澎湖？	['是']	进阶题	YesNo	YesNo
D282Q04	文中提及，这个澎湖旅游团共几人？	['三十六个人']	基础题	Num-Measure	Single-Span-Extraction
D282Q05	澎湖旅行团的行程是安排了几天？	['两天']	基础题	Date-Duration	Single-Span-Extraction
D282Q06	澎湖县的县花为何？	['天人菊']	基础题	Object	Single-Span-Extraction
D282Q07	文中提及有哪三道菜是小真第一次吃到？	['丁香鱼、澎湖龙虾和丝瓜炒蛋']	基础题	Object	Multi-Spans-Extraction
D282Q08	澎湖旅行团总共安排了几个景点？	['天后宫、通梁古榕、跨海大桥、西台古堡和桶盘屿']	基础题	Location	Multi-Spans-Extraction
D282Q09	澎湖旅行团安排了哪五个景点？	['天后宫、通梁古榕、跨海大桥、西台古堡和桶盘屿']	基础题	Location	Multi-Spans-Extraction
D282Q10	在亲属关系中小真是作者的姪女还是外甥女?	['姪女']	进阶题	Kinship	Kinship
D282Q11	小真和作者在亲属关系中是直系血亲还是旁系血亲？	['旁系血亲']	进阶题	Kinship	Kinship
D282Q12	文中描述，形状像倒扣的桶盘，岛的三面有柱状的玄武岩环抱，是哪一个大自然景点？	['桶盘屿']	基础题	Location	Single-Span-Extraction
D282Q13	澎湖跨海大桥的桥身是什么颜色？	['白色']	基础题	Object	Single-Span-Extraction
D282Q14	澎湖旅行团去的景点中，有三百多年历史的古老庙宇为何？	['天后宫']	基础题	Location	Single-Span-Extraction
D283Q01	文中提及，作者共被退了几次稿？	['二', '2']	进阶题	Num-Measure	Counting
D283Q02	文中提及，作者是投稿到报纸的哪个版？	['儿童版']	基础题	Object	Single-Span-Extraction
D283Q03	文中提及，贝多芬在20几岁的时候，身体哪个部位出了毛病？	['耳朵']	基础题	Object	Single-Span-Extraction
D283Q04	贝多芬的职业是什么？	['音乐家']	基础题	Object	Single-Span-Extraction
D283Q05	刘侠的职业是什么？	['作家']	基础题	Object	Single-Span-Extraction
D283Q06	刘侠在几岁的时候得了类风湿性关节炎？	['十二岁']	基础题	Date-Duration	Single-Span-Extraction
D283Q07	刘侠得了什么病让他全身关节失去了功能？	['「类风湿性关节炎」', '类风湿性关节炎']	基础题	Object	Single-Span-Extraction
D284Q01	珍‧古德出生在哪个国家？	['英国']	基础题	Organization	Single-Span-Extraction
D284Q02	珍‧古德是否喜欢动物？	['是']	基础题	YesNo	YesNo
D284Q03	珍‧古德在二十六岁的时候到哪里，进行对黑猩猩的长期观察？	['非洲']	基础题	Location	Single-Span-Extraction
D284Q04	珍‧古德在二十六岁的时候到了非洲，进行对什么动物的长期观察？	['黑猩猩']	基础题	Object	Single-Span-Extraction
D284Q05	珍‧古德一到非洲丛林即得了什么病，饱受折磨？	['疟疾']	进阶题	Object	Single-Span-Extraction
D284Q06	珍‧古德每天几点起床上山工作直到天黑才回营地？	['五点半']	基础题	Date-Duration	Single-Span-Extraction
D284Q07	珍‧古德发现猩猩用什么来钓白蚁，完成后即能方便的放进自己嘴巴享受白蚁大餐？	['细树枝', '树枝']	基础题	Object	Single-Span-Extraction
D284Q08	人类学家一直以为只有人类才会制造工具的观念是否正确？	['否']	基础题	YesNo	YesNo
D285Q01	玄奘是哪一个朝代的人？	['唐代']	基础题	Date-Duration	Single-Span-Extraction
D285Q02	玄奘在几岁出家的？	['十三岁']	基础题	Date-Duration	Single-Span-Extraction
D285Q03	他发现佛经的译本很多是不完整的，因此决定亲自前往佛教发源地的何地求学，取回更多更好的佛经？	['印度']	基础题	Location	Single-Span-Extraction
D285Q04	曲女城法会除了有数千名佛教僧侣和其他宗教徒参加以外，还有几名印度国王一同参加？	['十八位']	基础题	Num-Measure	Single-Span-Extraction
D285Q05	曲女城法会总共进行了几天？	['十八天']	基础题	Date-Duration	Single-Span-Extraction
D285Q06	玄奘离开了中土约几年后才回到了长安，开始了译经的事业？	['近二十年', '二十年']	基础题	Date-Duration	Single-Span-Extraction
D286Q01	马友友在几岁开始练习巴哈的曲子？	['四岁']	基础题	Date-Duration	Single-Span-Extraction
D286Q02	马友友在四岁就开始练习哪一位音乐家的曲子？	['巴哈']	基础题	Person	Single-Span-Extraction
D286Q03	马友友说拉琴时，一定要觉得乐器好像是你身体的一部分，声音是乐器的哪一部份？	['琴弦']	基础题	Object	Single-Span-Extraction
D286Q04	马友友说拉琴时，一定要觉得乐器好像是你身体的一部分，大提琴是身体的哪个部位？	['肺']	基础题	Object	Single-Span-Extraction
D286Q05	文中描述到具有草根性和生命力的台湾乡间歌谣是哪一首？	['草螟仔弄鸡公']	基础题	Object	Single-Span-Extraction
D286Q06	名曲鳟鱼的作曲者是谁？	['舒伯特']	基础题	Person	Single-Span-Extraction
D286Q07	文中描述到描写西部移民的美国民谣是哪一首？	['绿树红花']	基础题	Object	Single-Span-Extraction
D286Q08	马友友最擅长且风靡世界的乐器是什么？	['大提琴']	基础题	Object	Single-Span-Extraction
D287Q01	编钟是用什么铸造的乐器？	['青铜合金']	基础题	Object	Single-Span-Extraction
D287Q02	编钟是用青铜器制造的什么？	['乐器']	基础题	Object	Single-Span-Extraction
D287Q03	我们知道的六十四口大编钟是在什么时期做出来的？	['战国时代']	基础题	Date-Duration	Single-Span-Extraction
D287Q04	六十四口大编钟是在战国时期，哪一位君主在为时期做出来的？	['曾侯乙']	进阶题	Person	Single-Span-Extraction
D287Q05	大编钟的表面刻画了细致的花纹，还标记了什么？	['音高']	基础题	Object	Single-Span-Extraction
D287Q06	大编钟的正面和侧面是否可以敲击出两个不同的音高？	['是']	基础题	YesNo	YesNo
D288Q01	金字塔是用来专为埃及国王设计的何种建筑物?	['陵墓']	基础题	Location	Single-Span-Extraction
D288Q02	国王一旦去世，埃及人会先把他们的遗体做防腐的处理，再用泡过香料的布条层层包裹好，制成什么？	['「木乃伊」', '木乃伊']	基础题	Object	Single-Span-Extraction
D288Q03	文中提及，在哪一条河的沿岸有80多座大大小小的金字塔遗址？	['尼罗河']	基础题	Location	Single-Span-Extraction
D288Q04	尊贵的国王一旦去世，埃及人会先把他们的遗体做防腐的处理，再用泡过香料的布条层层包裹好，制成什么?	['「木乃伊」', '木乃伊']	基础题	Object	Single-Span-Extraction
D288Q05	为了防止盗墓者侵入破坏金字塔内部墓室，放了什么东西堵住通道，将整个金字塔封闭起来？	['巨石']	基础题	Object	Single-Span-Extraction
D288Q06	文中提及由哪种雕像作为金字塔的守护神？	['人面狮身像']	基础题	Object	Single-Span-Extraction
D288Q07	文中提及哪一座的金字塔，面积约有五个足球场大？	['古夫王金字塔']	基础题	Location	Single-Span-Extraction
D288Q08	古夫王金字塔，总共大约使用了多少块大石头？	['二百三十多万块']	基础题	Num-Measure	Single-Span-Extraction
D288Q09	古夫王金字塔，塔高多少公尺？	['一百四十六公尺']	基础题	Num-Measure	Single-Span-Extraction
D288Q10	古夫王金字塔的高度相当于几层楼高的摩天大楼？	['四十层']	基础题	Num-Measure	Single-Span-Extraction
D288Q11	古夫王金字塔费时多少年才被完成？	['二十年']	基础题	Date-Duration	Single-Span-Extraction
D288Q12	为什么古埃及人要把死人做成木乃伊?	['']	申论	Kinship	Kinship
D289Q01	希腊众神之一的哪一位看到了地球上没有火，食物都不能熟食只能生吃的状况，非常难过很想帮助人类？	['普罗米修斯']	基础题	Person	Single-Span-Extraction
D289Q02	文章中的天神叫什么名字？	['宙斯']	基础题	Person	Single-Span-Extraction
D289Q03	天神认为什么是很高贵的，只能由众神享有，必须留在奥林匹斯山上，不能送给人类当礼物？	['火']	基础题	Object	Single-Span-Extraction
D289Q04	文章中的天神是否有儿女？	['是']	进阶题	YesNo	YesNo
D289Q05	文中提及，普罗米修斯的女儿叫什么名字？	['雅典娜']	进阶题	Person	Single-Span-Extraction
D289Q06	宙斯和雅典娜是直系血亲还是旁系血亲？	['直系血亲', '直系']	进阶题	Kinship	Kinship
D289Q07	人类借由普罗米修斯认识了火，发现它不但会发热发光，还可以做哪些事？	['']	申论	Kinship	Kinship
D289Q08	普罗米修斯是跟哪一位神偷了火？	['太阳神阿波罗', '太阳神', '阿波罗']	基础题	Person	Single-Span-Extraction
D289Q09	太阳神叫什么名字？	['阿波罗']	基础题	Person	Single-Span-Extraction
D289Q10	普罗米修斯为了带给人类光明与希望，不惜以自己的痛苦，换取人类的幸福。大家感激普罗米修斯，尊称他为什么？	['「人类的恩神」', '人类的恩神']	基础题	Object	Single-Span-Extraction
D289Q11	普罗米修斯成为希腊神话中什么的象征？	['正义']	基础题	Object	Single-Span-Extraction
D290Q01	文中提及，负责该月份快乐儿童月刊的小记者有哪三位？	['丁新、张玉珊和王小美']	基础题	Person	Multi-Spans-Extraction
D290Q02	文中提及，郑教授专门研究那一块学术领域？	['地球科学']	基础题	Object	Single-Span-Extraction
D290Q03	丁新、张玉珊、王小美负责的月刊主题为何？	['快乐儿童']	基础题	Object	Single-Span-Extraction
D290Q04	南极洲是否有著广大且薄的冰层？	['否']	基础题	YesNo	YesNo
D290Q05	郑教授描述到地球上有百分之九十的冰都集中在哪里？	['南极洲']	基础题	Location	Single-Span-Extraction
D290Q06	南极洲是否有动物生存？	['是']	进阶题	YesNo	YesNo
D290Q07	在南极洲有一些科学家，正在共同研究南极洲的地质，想知道在冰层下是否蕴藏著的什么资源？	['矿物资源', '矿物']	基础题	Object	Single-Span-Extraction
D290Q08	南极洲上空破一个洞的是大气层中哪个部分？	['臭氧层']	进阶题	Object	Single-Span-Extraction
D290Q09	南极洲每年的11月到2月是什么季节？	['夏天']	基础题	Date-Duration	Single-Span-Extraction
D290Q10	南极洲每年的九月底开始，会进入什么期，将近半年时光太阳不下山？	['永昼期']	基础题	Date-Duration	Single-Span-Extraction
D290Q11	除了南极洲会有半年永昼期，而哪个地区又会进入永夜期？	['北极海']	基础题	Location	Single-Span-Extraction
D291Q01	文中提及吸引成千上万民众去参观企鹅的地方是哪里？	['台北市立动物园']	基础题	Location	Single-Span-Extraction
D291Q02	企鹅是否生长在炎热的环境里？	['否']	基础题	YesNo	YesNo
D291Q03	企鹅是否生长在寒冷的雪地里？	['是']	基础题	YesNo	YesNo
D291Q04	企鹅是否会游泳？	['是']	基础题	YesNo	YesNo
D291Q05	企鹅是否会在天空中飞翔？	['否']	基础题	YesNo	YesNo
D291Q06	企鹅的前胸是什么颜色？	['白色', '白']	基础题	Object	Single-Span-Extraction
D291Q07	企鹅的后背是什么颜色？	['黑色', '黑']	基础题	Object	Single-Span-Extraction
D291Q08	孵化小企鹅的是雌企鹅还是雄企鹅？	['雄企鹅']	基础题	Object	Single-Span-Extraction
D291Q09	小企鹅破壳而出的第一餐，是由谁喂食的？	['雌企鹅']	基础题	Object	Single-Span-Extraction
D292Q01	『早发白帝城』是谁写的游记？	['李白']	基础题	Person	Single-Span-Extraction
D292Q02	白帝城在中国哪一省？	['四川']	基础题	Location	Single-Span-Extraction
D292Q03	文中提及，三峡是由哪三个峡谷组成？	['瞿塘峡、巫峡及西陵峡']	基础题	Location	Multi-Spans-Extraction
D292Q04	瞿塘峡、巫峡、西陵峡这几座高山中间夹著哪条大河？	['长江']	基础题	Location	Single-Span-Extraction
D292Q05	『早发白帝城』描写的是李白从四川白帝城上船，准备到湖北的哪里？	['江陵']	基础题	Location	Single-Span-Extraction
D292Q06	文中提及，古代相传，江陵距离白帝城有多远？	['一千二百里']	基础题	Num-Measure	Single-Span-Extraction
D292Q07	江陵在中国哪一省？	['湖北']	基础题	Location	Single-Span-Extraction
D292Q08	李白从四川白帝城到湖北江陵所搭乘的船是否属于笨重庞大的船？	['否']	进阶题	YesNo	YesNo
D293Q01	丘逢甲出生于哪个朝代？	['清朝']	基础题	Date-Duration	Single-Span-Extraction
D293Q02	丘逢甲是客家人还是闽南人？	['客家人']	基础题	Organization	Single-Span-Extraction
D293Q03	丘逢甲被称做神童是因为几岁会做诗，几岁就考上秀才？	['十四岁']	基础题	Num-Measure	Single-Span-Extraction
D293Q04	丘逢甲从彰化一路走到哪里考秀才？	['府城台南', '府城', '台南']	基础题	Location	Single-Span-Extraction
D293Q05	年清朝政府战败，把台湾割让给哪个国家？	['日本']	基础题	Organization	Single-Span-Extraction
D293Q06	丘逢甲带头上书给朝廷表示反对将台湾割让给日本，并且和地方仕绅组织了什么，誓死保卫家园？	['义军']	基础题	Organization	Single-Span-Extraction
D293Q07	文中提及，丘逢甲离台时，为斥责当政的宰相权力太大，任意割让国土，感叹身在台湾的小臣无能为力，无法挽回被割让的命运而写下了什么样的诗句？。	['「宰相有权能割地，孤臣无力可回天」', '宰相有权能割地，孤臣无力可回天']	进阶题	Misc	Single-Span-Extraction
D293Q08	丘逢甲出生于台湾哪里？	['苗栗']	基础题	Location	Single-Span-Extraction
D295Q01	传统的布袋戏，戏偶大约多高？	['三十公分']	基础题	Num-Measure	Single-Span-Extraction
D295Q02	布袋戏的偶头是由什么雕刻而成的？	['木头']	基础题	Object	Single-Span-Extraction
D295Q03	布袋戏又称什么戏？	['「掌中戏」', '掌中戏']	基础题	Object	Single-Span-Extraction
D295Q04	布袋戏表演的舞台模仿古代的寺庙建筑，是一座金碧辉煌、雕梁画栋的楼台，称作什么？	['「彩楼」', '彩楼']	基础题	Object	Single-Span-Extraction
D295Q05	布袋戏是否有现场伴奏的乐师？	['是']	基础题	YesNo	YesNo
D295Q06	布袋戏的表演，由前场的演师担任，称为什么？	['头手']	基础题	Object	Single-Span-Extraction
D295Q07	负责布袋戏中大部分戏偶的身段动作，道白唱腔的是谁？	['头手']	基础题	Person	Single-Span-Extraction
D295Q08	布袋戏的偶头是否有丰富的表情可变化？	['否']	进阶题	YesNo	YesNo
D295Q09	传统的布袋戏，通常在哪里演出，用来敬谢神明，祈福还愿？	['庙口广场', '庙口']	基础题	Location	Single-Span-Extraction
D296Q01	此篇内容描述的是去台湾哪里毕业旅行二日游？	['东台湾']	基础题	Location	Single-Span-Extraction
D296Q02	文中提及，哪一条溪沿著花东纵谷向南奔流，而当年的卑南族人选择了水草风美的冲积平原定居下来？	['卑南大溪']	基础题	Location	Single-Span-Extraction
D296Q03	考古学家从遗址发掘中发现了用来垦地的是什么工具？	['石锄']	基础题	Object	Single-Span-Extraction
D296Q04	考古学家从遗址发掘中发现了用来收割农作物的是什么工具？	['石刀']	基础题	Object	Single-Span-Extraction
D296Q05	考古学家从遗址发掘中发现了人类会用什么工具来捕捞溪中的鱼蟹？	['矛、石箭头和石网坠']	进阶题	Object	Multi-Spans-Extraction
D296Q06	在卑南公园里，耸立在遗址上，残留的半个圆孔，曾经是盖房子的基架的石柱称为什么？	['月形石柱']	基础题	Object	Single-Span-Extraction
D296Q07	卑南族人的石板棺出土时，观礼死者的脚大半都朝向哪座山？	['都兰山']	基础题	Location	Single-Span-Extraction
D296Q08	这封信是文章写给谁的？	['培新']	进阶题	Person	Single-Span-Extraction
D296Q09	卑南文化公园是现地挖掘、现地保存的「遗址公园」，经过考古学家的调查和发掘，才能拼凑出当年哪一族人的生活图像？	['卑南族人', '卑南族']	基础题	Organization	Single-Span-Extraction
D298Q01	把许多电脑集合起来,让它们彼此互相连接，结合成一张绵密的网，那么每一台电脑就可以拥有所有电脑储存的大量资料了。这样的设计，叫做什么？	['「网路」', '网路', '「网状的通路」', '网状的通路']	基础题	Object	Single-Span-Extraction
D298Q02	美国在哪一年因国防上的需要，全力进行网路实验获得成功？	['西元一九六九年', '一九六九年']	基础题	Date-Duration	Single-Span-Extraction
D298Q03	美国在哪一年开发了图像化的「全球网际路」，使任何一台电脑都可以和世界上任何地区的任何网址相连接，拓宽了网路的功能？	['一九九三年']	基础题	Date-Duration	Single-Span-Extraction
D298Q04	台湾是在哪一年和美国的大学进行网际网路相连接？	['一九九一年']	基础题	Date-Duration	Single-Span-Extraction
D298Q05	在网际网路蓬勃发展的过程中,电脑又出现了一项什么新功能，有了它我们可以利用网路，跟世界上任何地区的人通信,只要你知道那个人的网址？	['电子邮件']	基础题	Object	Single-Span-Extraction
D298Q06	我们是否可以透过网路申请户口名簿？	['是']	基础题	YesNo	YesNo
D298Q07	我们是否可以透过网路向银行领钱？	['是']	基础题	YesNo	YesNo
D299Q01	明湖舅舅的好朋友赖教授，是研究什么的专家？	['未来学']	进阶题	Object	Single-Span-Extraction
D299Q02	赖教授认为二十一世纪的时候，汽车都靠什么行驶？	['电力']	基础题	Object	Single-Span-Extraction
D299Q03	文中提及，赖教授认为二十一世纪的时候，哪两种动能取代了大部分的石油燃料，减少了空气的污染？	['「太阳能」和「风能」', '太阳能和风能']	进阶题	Object	Multi-Spans-Extraction
D299Q04	赖教授是否认为在二十一世纪的时候，人类可以搬到外太空的星球上去住？	['是']	进阶题	YesNo	YesNo
D299Q05	赖教授认为在二十一世纪医学界对人类生命基因的研究，让许多遗传性急病可以采用什么疗法加以根除?	['「基因疗法」', '基因疗法']	基础题	Object	Single-Span-Extraction
D299Q06	赖教授认为在二十一世纪乏味的家事工作可以交给谁？	['家事机器', '全部自动化的家事机器']	基础题	Object	Single-Span-Extraction
D300Q01	这一篇文章在介绍什么机器？	['自动贩卖机']	基础题	Object	Single-Span-Extraction
D300Q02	自动贩卖机是否需要投入硬币？	['是']	进阶题	YesNo	YesNo
D300Q03	哪一只动物从自动贩卖机里买了绿茶？	['小袋鼠']	基础题	Object	Single-Span-Extraction
D300Q04	文中描述著哪一只动物是最早去用手试按贩卖机但没什么反应的？	['小猴子']	基础题	Object	Single-Span-Extraction
D300Q05	动物小学今天带班出来户外教学的是哪一位老师？	['山羊老师']	基础题	Person	Single-Span-Extraction
D300Q06	山羊老师教大家哪两种类型的垃圾需要压扁或踩扁后回收丢到资源回收筒里？	['铝箔包和铝罐头']	基础题	Object	Multi-Spans-Extraction
D300Q07	文中提及的自动贩卖机卖的是什么？	['饮料']	基础题	Object	Single-Span-Extraction
D301Q01	金龙伯的职业是什么？	['船员']	基础题	Object	Single-Span-Extraction
D301Q02	金龙伯小时候跟随父亲到哪个国家谋生？	['美国']	基础题	Organization	Single-Span-Extraction
D301Q03	金龙伯在美国轮船公司服务了几年？	['三十年']	基础题	Date-Duration	Single-Span-Extraction
D301Q04	金龙伯在退休那天，跟船长要的纪念品是什么？	['一面中华民国的国旗']	基础题	Object	Single-Span-Extraction
D301Q05	金龙伯退休以后居住在美国哪里？	['旧金山']	基础题	Location	Single-Span-Extraction
D301Q06	金龙伯是否有子女？	['有']	进阶题	YesNo	YesNo
D301Q07	金龙伯有几个小孩？	['三个']	进阶题	Num-Measure	Single-Span-Extraction
D301Q08	金龙伯的大儿子在哪里的轮船公司服务？	['荷兰']	基础题	Location	Single-Span-Extraction
D301Q09	金龙伯的二儿子在哪里的轮船公司服务？	['法国']	基础题	Location	Single-Span-Extraction
D301Q10	金龙伯的老三在哪里的轮船公司服务？	['英国']	基础题	Location	Single-Span-Extraction
D301Q11	金龙伯过世的时候留下一个珍贵的木盒给三兄弟，里面是什么？	['一面青天白日满地红的国旗', '国旗']	基础题	Object	Single-Span-Extraction
D302Q01	晏子出生于哪一个朝代？	['春秋时代', '春秋']	基础题	Date-Duration	Single-Span-Extraction
D302Q02	晏子是春秋时代的哪一国人？	['齐王']	基础题	Organization	Single-Span-Extraction
D302Q03	文中提及，齐王派晏子出使到哪一个国家去？	['楚国']	基础题	Organization	Single-Span-Extraction
D302Q04	晏子来到楚国的时候，楚王是否下令开城门以礼相待迎接？	['否']	进阶题	YesNo	YesNo
D302Q05	晏子来到楚国的时候，楚王开哪个门迎接？	['小门']	基础题	Location	Single-Span-Extraction
D302Q06	晏子到楚国的第二天，楚王在晏子面前故意问士兵押著的犯人，是犯了什么罪？	['强盗罪']	基础题	Object	Single-Span-Extraction
D302Q07	橘树种在淮水以南，结出来的是又香又甜的橘子；可是移种到淮水以北，却只能结出又小又苦的枳，是受了哪两种因素影响？	['土壤和气候']	进阶题	Object	Multi-Spans-Extraction
D303Q01	文中介绍的福山植物园在哪里？	['宜兰']	基础题	Location	Single-Span-Extraction
D303Q02	要参加福山植物园得在几天以前提出申请，拿到入园证才能进入参观？	['十五天']	基础题	Date-Duration	Single-Span-Extraction
D303Q03	进入福山植物园园区先入眼看到的一潭清水上的萍蓬草，所开的花是什么颜色？	['黄']	进阶题	Object	Single-Span-Extraction
D303Q04	作者一家人和哪一位亲戚一起去福山植物园？	['小阿姨']	基础题	Person	Single-Span-Extraction
D303Q05	作者一家人是在什么季节去福山植物园的？	['冬']	基础题	Date-Duration	Single-Span-Extraction
D303Q06	小阿姨说，等春天来临时，哪些花儿会相继绽放，那十的植物元变成了万紫千红的锦绣世界？	['乌来杜鹃、油桐和西施花']	基础题	Object	Multi-Spans-Extraction
D304Q01	文中提及，学校百周年校庆是在哪一天举行？	['十二月一日']	基础题	Date-Duration	Single-Span-Extraction
D304Q02	公告内容里提及校树选拔在哪一天投票？	['十二月七日']	基础题	Date-Duration	Single-Span-Extraction
D304Q03	公告内容中提及在十二月二日开放全校学生参与而举办的活动是什么？	['画我美丽校园']	基础题	Event	Single-Span-Extraction
D304Q04	除校树选拔项目外，参加其他两项活动的人员需在哪一天以前，向各承办单位办理报名？	['十一月二十日']	基础题	Date-Duration	Single-Span-Extraction
D304Q05	从文中的通告可得知，『画我美丽校园』活动是否有如期举行？	['否']	基础题	YesNo	YesNo
D304Q06	从文中公告得知，『校树选拔』之老榕树的得票树有几票？	['一五六四']	基础题	Num-Measure	Single-Span-Extraction
D304Q07	从文中公告得知，『校树选拔』的总票树有几票？	['三八一四']	进阶题	Num-Measure	Single-Span-Extraction
D304Q08	从文中公告得知，『校树选拔』之最后赢家为谁？	['老榕树']	进阶题	Person	Single-Span-Extraction
D304Q09	公告与通知，何者比较正式？	['公告']	基础题	Misc	Comparing-Members
D305Q01	苏东坡出生于哪个朝代？	['北宋']	基础题	Date-Duration	Single-Span-Extraction
D305Q02	苏东坡除了在文学方面上很出色外，在哪一方面也有所造诣？	['书法']	基础题	Object	Single-Span-Extraction
D305Q03	苏东坡的家乡在哪？	['四川']	基础题	Location	Single-Span-Extraction
D305Q04	苏东坡是在几岁的时候挖到奇形怪状的石头，而父亲说是很好的砚石？	['十二岁']	基础题	Date-Duration	Single-Span-Extraction
D305Q05	苏东坡在十二岁时发现的上好砚石，其大体颜色为何？纹路颜色又为何？	['碧绿色，银色']	进阶题	Object	Single-Span-Extraction
D305Q06	王羲之是哪个朝代的人？	['东晋']	基础题	Date-Duration	Single-Span-Extraction
D305Q07	王羲之天天练毛笔字的时候，就在池子里洗笔、洗砚台，久而久之池子里的水都被染黑，人们称之为？	['墨池']	基础题	Object	Single-Span-Extraction
D305Q08	怀素是出生于哪个朝代的人？	['唐朝', '唐']	基础题	Date-Duration	Single-Span-Extraction
D305Q09	唐朝的怀素最擅长于书法的何种字体？	['草书']	基础题	Object	Single-Span-Extraction
D305Q10	苏东坡将他捡到的上好砚石放书桌上，取名为何？	['天石砚']	基础题	Object	Single-Span-Extraction
D307Q01	自由女神象位于哪个国家？	['美国']	基础题	Organization	Single-Span-Extraction
D307Q02	自由女神是哪一只手举火炬？	['右手']	基础题	Object	Single-Span-Extraction
D307Q03	自由女神象是法国送给美国纪念什么日子的礼物？	['美国独立百年纪念', '独立百年纪念']	基础题	Event	Single-Span-Extraction
D307Q04	自由女神象是哪一个国家送给美国独立百年纪念的礼物，代表两国的友谊？	['法国']	基础题	Organization	Single-Span-Extraction
D307Q05	自由女神象是法国整整费了多少年的功夫才打造完成的？	['十年']	基础题	Date-Duration	Single-Span-Extraction
D307Q06	自由女神象的左手拿著什么？	['一本刻有美国独立日期的法典', '法典']	基础题	Object	Single-Span-Extraction
D307Q07	以前由欧洲到美国的移民，经历了漫长而艰苦的航行后，要先在哪座岛接受盘查，才能入境？	['爱丽丝岛']	基础题	Location	Single-Span-Extraction
D308Q01	谜语是中国的传统文化，有字谜、物谜，还有猜什么的？	['人名']	基础题	Object	Single-Span-Extraction
D308Q02	第一个抢著回答谜语的同学叫什么名字？	['苗天福']	基础题	Person	Single-Span-Extraction
D308Q03	『池里不见水，地上没有泥』，猜一个字，答案为何？	['也']	基础题	Misc	Single-Span-Extraction
D308Q04	提供『七十二小时』谜语的同学是谁？	['周伟']	基础题	Person	Single-Span-Extraction
D308Q05	答对『也』字谜语的同学叫什么名字？	['于佩佩']	基础题	Person	Single-Span-Extraction
D308Q06	『七十二小时』，猜一个字，答案为何？	['晶']	基础题	Misc	Single-Span-Extraction
D308Q07	猜对『根在水中央，身材细又长，皮肤白又嫩，好吃又营养。』答案是豆芽的是哪一位同学？	['丁小芹']	基础题	Person	Single-Span-Extraction
